запрос,id,адрес,цена,комнат,площадь,метров_до_патриарших,оценка_1_2_3,описание
b04,cian_327564269,"Москва, Козихинский Б. пер, 17стр1",44000000,2,54.3,135,"","Номер объекта: 543527. Уютная и тихая 2-комнатная квартира площадью 54.3 кв.м с качественной отделкой в доходном доме 1905 года постройки, расположенном у Патриарших прудов. Квартира расположена на высоком 3 этаже. Пять больших окон обращены в сторону двора и исторических построек района. Высокие потолки 3.6 метра. Капитальный ремонт был выполнен в 2008 году с заменой всех коммуникаций и установкой сплит-системы кондиционирования Fujitsu. Квартира полностью готова к проживанию, укомплектована мебелью и бытовой техникой (Miele, Electrolux). В доме всего 21 квартира, 1 подъезд, установлен лифт, "
b04,cian_332053082,"Россия, Москва город, улица Бронная М., дом 25",135000000,4,138.0,150,"","Просторная квартира с ремонтом в клубном доме на Малой Бронной 25. ЖК построен 1998 году, всего 15 квартир. Подземный паркинг и охрана, большое машино-место за отдельную плату Квартира включает в себя гостиную, объединенную с кухней и столовой зоной, общей площадью 60 квадратных метров, три спальни, из которых одна оборудована гардеробной, два санузла, постирочную и просторную прихожую. Высота потолков достигает 3 метров. В каждой комнате установлены кондиционеры, а также предусмотрены теплые полы в ванной и на кухне. Из окон виды на старинную Москву, а спальни выходят во двор, тишина. Круглос"
b04,cian_332401529,"Москва, Трёхпрудный переулок, 9с2",500589501,2,168.6,205,"","Угловой апартамент на первом жилом этаже ""Левенсона"". Высота потолков 3,25 м. Просторная зона кухни-гостиной 57 м² - пространство, где день живёт в полную силу. Южный свет, который не покидает дом до вечера. Два мастер блока по стандартам Веспер с большими гардеробными комнатами и ванной с окном. Вид в тихий двор. Панорамные окна. Апартаменты с отделкой делюкс - Калаката Виола на полу и стенах ванной, паркет из тонированного дуба в палубной укладке, кухня Молтени с островом из итальянского камня. Отделка Апартаменты предлагаются с отделкой в стиле изысканного минимализма: тёплые оттенки, дерев"
b04,cian_326778204,"Москва, Трёхпрудный переулок, 9с2",843631569,2,244.1,205,"","Квартира 244,1 м² на втором этаже с двумя спальнями с панорамными окнами на четыре стороны света и высотой потолков 3,25 м. Всего 4 (четыре) квартиры в этом корпусе - максимальные тишина и комфорт. Два входа: парадный и сервисный - частная жизнь и бытовая не пересекаются. Мастер-зона с гардеробной и ванной комнатой с окном - утренний свет и мрамор в одном пространстве. В детской собственная ванная комната. Отдельный тренажерный зал с гардеробной и ванной. Тёмная бронза, Тундра Блу, палубный паркет - графичная эстетика современного корпуса с отделкой делюкс. Отделка Изысканный минимализм тёплых"
b04,cian_332401547,"Москва, Трёхпрудный переулок, 9с2",1863272376,4,494.2,205,"","Двухуровневая квартира площадью 495,9 м² с четырьмя спальнями - одна из наиболее значительных резиденций ""Левенсона"". Окна на четыре стороны света. Первый уровень; большая зона кухни-столовой, просторная угловая гостиная, гостевая спальня с гардеробной и ванной комнатами. Второй уровень: принадлежит мастер-спальне с гардеробной 17,8 м² и ванной из итальянского мрамора. Также на втором уровне расположены две детские спальни с гардеробными и ванными с окнами. Собственный тренажёрный зал и камерный кинотеатр. Сервисная зона с двумя независимыми входами, полноценной кухней и комнатой для персонала"
b04,cian_326778205,"Москва, Трёхпрудный переулок, 9с2",1869681852,4,495.9,205,"","Двухуровневая квартира площадью 495,9 м² с четырьмя спальнями - одна из наиболее значительных резиденций ""Левенсона"". Окна на четыре стороны света. Первый уровень; большая зона кухни-столовой, просторная угловая гостиная, гостевая спальня с гардеробной и ванной комнатами. Второй уровень: принадлежит мастер-спальне с гардеробной 17,8 м² и ванной из итальянского мрамора. Также на втором уровне расположены две детские спальни с гардеробными и ванными с окнами. Собственный тренажёрный зал и камерный кинотеатр. Сервисная зона с двумя независимыми входами, полноценной кухней и комнатой для персонала"
b04,cian_330266642,"Москва, Трёхпрудный переулок, 9с1",1200101070,3,327.4,214,"","Двусторонняя квартира площадью 327,4 м², на четвёртом этаже исторического корпуса. Спальни смотрят в тихие дворы. Толстые стены, которые помнят типографию Левенсона и первые сборники Цветаевой. Парадный вход с просторной гардеробной с окном. Зона кухни--гостиной 90 кв.м. с дополнительной сервисной кухней. Мастер - зона - спальня, кабинет, мужская и женская гардеробные, ванная. У каждого пространства своё окно. Две детских, каждая с гардеробной с окном. Своды Монье и колонны Шехтеля. Тонированный дуб французской ёлочкой, окна из массива тёмного ореха по оригинальным чертежам, мрамор Калаката Ви"
b04,cian_332401525,"Москва, Трёхпрудный переулок, 9с1",1277077620,3,348.4,214,"","Двусторонняя квартира площадью 327,4 м², на четвёртом этаже исторического корпуса. Спальни смотрят в тихие дворы. Толстые стены, которые помнят типографию Левенсона и первые сборники Цветаевой. Парадный вход с просторной гардеробной с окном. Зона кухни-гостиной 90 кв.м. с дополнительной сервисной кухней. Мастер - зона - спальня, кабинет, мужская и женская гардеробные, ванная. У каждого пространства своё окно. Две детских, каждая с гардеробной с окном. Своды Монье и колонны Шехтеля. Тонированный дуб французской ёлочкой, окна из массива тёмного ореха по оригинальным чертежам, мрамор Калаката Вио"
b04,cian_331852526,"Москва, ул. Спиридоньевский д. 12/9",165000000,4,161.0,238,"","Квартира с 3 спальнями общей площадью 161 м² в доме ""Спиридоньевский, 12"" на 2 этаже. Дизайнерская отделка выполнена в классическом стиле, интерьер украшен декоративными молдингами, венчающими карнизами и лепниной. На полу выложен паркет из дуба. Благодаря высоким потолкам и широкоформатным окнам пространство наполнено естественным светом и теплом. Функциональная планировка включает гостиную с камином и выходом на балкон, кухню-столовую, мастер-спальню с собственной ванной комнатой с окном, 2 спальни, два санузла и холл. Квартира меблирована и укомплектована бытовой техникой, установлена систе"
b04,cian_330392817,"Москва, Патриарший Б. пер., 4",75000000,4,110.0,239,"","4-комнатные апартаменты на Патриарших прудах Характеристики: • Площадь: 110 м² • Этаж: 2 из 5 • Высота потолков: 3,4 м • Кирпичный дом • Парковка во дворе за шлагбаумом Планировка: • Кухня • Просторная гостиная • Две спальни • Кабинет • Ванная комната с душевой кабиной О доме и локации: Исторический дом 1913г. с атмосферой старой Москвы расположен в самом центре Патриарших прудов. В пешей доступности лучшие рестораны, кофейни, магазины, прогулочные зоны и вся инфраструктура района. • 10 минут пешком до метро Пушкинская • Удобный выезд на Садовое кольцо • Тихий переулок в центре города Апартаме"
b04,cian_330445034,"Москва г, Москва, Козихинский М. пер 16/3",87500000,3,135.8,280,"","ID объявления: 574468 Эксклюзивное предложение в самом сердце Москвы! Ключевая идея: Уникальная двухуровневая резиденция для тех, кто ценит уединение, исторический дух и статусное расположение в самом центре Москвы. Общая концепция: Двухуровневая планировка, разделяющая частную и гостевую зоны. ПЕРВЫЙ УРОВЕНЬ (гостевой и рабочий): Просторная гостиная-кухня — идеальное пространство для встреч с близкими. Камин (который можно установить) — создаёт атмосферу уюта и является сердцем гостиной. Возможно обустроить отдельный кабинет — для работы и творчества, обеспечивающий полную концентрацию. ВЕРХН"
b04,cian_324944297,"Россия, Москва, Большой Козихинский переулок, 7",49500000,3,56.6,293,"","Предлагается трехкомнатная квартира 56,6 м², расположенная в историческом районе города. Пространственное решение включает просторную кухню-столовую, две уютные спальни, функциональную ванную комнату и вместительный коридор. Классический стиль ремонта, выполненный по авторскому дизайн проекту, подчеркивает элегантность пространства и создает атмосферу уюта. В квартире установлена высококачественная мебель, соответствующая стилистическому решению помещения. Современная бытовая техника обеспечивает комфорт проживания и удобство эксплуатации жилья. Наличие специального винного холодильника позвол"
b04,cian_332857481,"Москва, Садово-Кудринская улица, 19к1",191000000,4,180.0,313,"","ID 9854 Роскошная квартира вашей мечты - в легендарном доходном доме! Представьте: вы входите в просторную кухнюгостиную площадью 60 м., где всё продумано до мелочей - современная кухня оснащена встроенной техникой ведущих брендов. Что внутри: 3 уютные спальни, все 3 - просторные мастерспальни с собственными санузлами; множество гардеробных зон - хватит места для всей коллекции одежды; удобная постирочная - больше никаких корзин с бельём в жилых комнатах! Дом с историей: когдато это был доходный дом, и его уникальная архитектура до сих пор впечатляет. Здесь сочетаются шарм прошлого и комфорт с"
b04,cian_331394711,"Москва, Спиридоновка ул., 19",215000000,3,137.4,357,"","ЭКСКЛЮЗИВ! К продаже предлагается роскошная трехкомнатная квартира с дорогой дизайнерской отделкой от известного архитектурного бюро в самой престижной и востребованной локации Москвы на Патриарших прудах в одном из лучших домов ЦК. Функциональной планировкой предусмотрено: -большая прихожая -гостевой санузел -постирочная комната -просторная гостиная с большим открытым балконом -большая кухня -мастер-спальня со своим санузлом с окном и большой гардеробной с окном - спальнякабинет со своим санузлом. В отделке использованы дорогие материалы и ценные породы камня и дерева, текстиль. Бытовая техни"
b04,cian_329358235,"Москва, Большой Палашёвский переулок, 11с1",226750000,1,71.0,401,"","Просторная светлая квартира площадью 71,1 кв. м. Кухня-гостиная и спальня обращены окнами в сторону Большого Палашёвского переулка, панорамные окна и открытые балконы наполняют пространство воздухом. Продуманная планировка позволяет разместить одну спальную комнату с отдельным санузлом и гардеробной. ""Палашёвский 11"" - завораживающе красивый и самый насыщенный дом в приватной части культового района Патриарших прудов. Расположен в центре событий и при этом в тишине, вдали от шумных улиц, в дорогой и престижной локации. Каждая деталь ""Палашёвского 11"" отражает взыскательную роскошь. Эффектная а"
b04,cian_331911587,"Москва, Большой Палашёвский переулок, 11с1",271170000,2,88.0,401,"","Просторная двухэтажная квартира. Площадь по полу 62,6 кв. м. Потолки высотой 7,39 метра позволяют создать самые смелые сценарии жизни и придают квартире уникальный стиль и характер. Панорамные окна на каждом этаже позволяют наслаждаться видами и естественным светом. Спальни с отдельными гардеробными и санузлами подарят комфорт и удобство для каждого члена семьи. ""Палашёвский 11"" - завораживающе красивый и самый насыщенный дом в приватной части культового района Патриарших прудов. Расположен в центре событий и при этом в тишине, вдали от шумных улиц, в дорогой и престижной локации. Каждая детал"
b04,cian_332696928,"Москва, Большой Палашёвский переулок, 11с1",463180000,2,118.0,401,"","Просторная квартира площадью 158,4 кв. м. Все окна квартиры обращены в уютный, приватный двор-сад - тихое, зелёное пространство, защищённое от городского шума, где царит атмосфера уединения и спокойствия. Французские балконы при каждом окне наполняют пространство воздухом и светом, добавляя интерьеру лёгкость и изящный ритм фасадной архитектуры. Продуманная планировка предусматривает 3 мастер-спальни с собственными гардеробными и ванными комнатами. ""Палашёвский 11"" - завораживающе красивый и самый насыщенный дом в приватной части культового района Патриарших прудов. Расположен в центре событий"
b04,cian_332839210,"Москва, Большой Палашёвский переулок, 11с1",567030000,3,168.0,401,"","Просторная двухэтажная квартира. Площадь по полу 119,8 кв. м. Потолки высотой 7,39 метра позволяют создать самые смелые сценарии жизни и придают квартире уникальный стиль и характер. Панорамные окна на каждом этаже позволяют наслаждаться видами и естественным светом. Спальни с отдельными гардеробными и санузлами подарят комфорт и удобство для каждого члена семьи. ""Палашёвский 11"" - завораживающе красивый и самый насыщенный дом в приватной части культового района Патриарших прудов. Расположен в центре событий и при этом в тишине, вдали от шумных улиц, в дорогой и престижной локации. Каждая дета"
b04,cian_329358083,"Москва, Большой Палашёвский переулок, 11с1",826750000,4,254.0,401,"","Просторная квартира площадью 253,7 кв. м. спланирована на 4 мастер-спальни, каждая из которых имеет приватный санузел и гардеробную. Кухня-гостиная площадью 59,6 кв. м - это пространство, созданное для жизни и впечатлений. Здесь легко собирать близких, устраивать атмосферные ужины, наслаждаться общением и проводить по-настоящему тёплые, запоминающиеся вечера в кругу друзей. Консольные террасы с бесшовным выходом становятся естественным продолжением интерьера, стирая границу между внутренним пространством и городским пейзажем. Это идеальное место для отдыха, приватных встреч или стильных вечери"
b04,cian_329358046,"Москва, Большой Палашёвский переулок, 11с1",1448710000,3,235.0,401,"","Двухэтажный пентхаус площадью 235 кв. м. Пространство спланировано для максимального комфорта: 3 мастер-спальни с собственными ванными комнатами и гардеробными, продуманные системы хранения и эффектная кухня-гостиная площадью 85,1 кв. м, идеальное место для жизни, отдыха и приёма гостей. Дровяной камин в гостиной создаёт атмосферу уюта и становится выразительным акцентом пространства. Особое преимущество - просторная терраса площадью 74 кв. м, которая становится полноценным продолжением квартиры и открывает исключительные возможности для отдыха под открытым небом, атмосферных ужинов и стильных"
b04,cian_329358042,"Москва, Большой Палашёвский переулок, 11с1",1696440000,4,308.0,401,"","Двухэтажный пентхаус площадью 307,8 кв. м. Планировка продумана до мелочей: 4 мастер-спальни с собственными ванными комнатами и гардеробными, функциональные системы хранения и просторная кухня-гостиная площадью 78,4 кв. м, центральное пространство для жизни, общения и приёма гостей. Гостиную украшает дровяной камин, который создаёт атмосферу уюта и становится выразительным акцентом пространства. Отдельного внимания заслуживает терраса площадью 84,8 кв. м. Она органично продолжает жилое пространство и создаёт идеальные условия для отдыха на свежем воздухе, уютных ужинов и встреч в кругу близких"
b04,cian_329369076,"Россия, Москва, Большая Бронная улица, 9/1",1000000,2,65.0,457,"","Представляем вашему вниманию уютную двухкомнатную квартиру, расположенную в престижном районе Патриарших прудов. Дом, построенный в 1965 году, представляет собой крепкое кирпичное строение всего в девять этажей с одним подъездом, что обеспечивает тишину и спокойствие. Всего в доме 35 квартир, что говорит о камерной атмосфере и добрососедских отношениях. Квартира общей площадью 65 кв.м. предлагает продуманную планировку: две просторные изолированные комнаты площадью 20 и 18 кв.м. позволят каждому члену семьи иметь свое личное пространство, а кухня в 11 кв.м. станет любимым местом для семейных у"
b04,cian_330950257,"Россия, г. Москва, Гранатный пер., д. 6",445000000,4,163.5,488,"","004031 ЖК Гранатный пер., д. 6 Легендарная тишина Патриарших. Ваш эксклюзивный клубный дом De Luxe. Погрузитесь в безмятежную жизнь в самом сердце столицы. Новый эксклюзивный, элитный клубный дом класса де-люкс расположился в престижном, умиротворенном районе у легендарных Патриарших прудов. Это убежище для истинных ценителей ауры исторического центра, бесценной тишины и безупречного комфорта. Ваше расписание будет наполнено прогулками по оживленным улицам Москвы, где в шаговой доступности вас ждут модные бутики, гастрономические рестораны, уютные кафе и изысканные салоны — вся блестящая инфра"
b04,cian_326599816,"Москва, Благовещенский переулок, 5",40900000,2,62.0,503,"","Лот 1000232. Светлана Алиева. Продается 2-х комнатная квартира с хорошим свежим качественным ремонтом в историческом центре Москвы, в Благовещенском переулке. Расположена на 4 этаже 8-этажного кирпичного дома, потолки 3 метра. Квартира уютная, светлая и солнечная. Окна смотрят во двор, в квартире очень тихо. Общая площадь 62 кв.м. Спальня со встроенным шкафом для хранения на всю стену, большая просторная гостиная и отдельная кухня со всторенной мебелью. Один совмещенный санузел с ванной, кондиционер и бойлер. Квартира полностью меблирована, всё остается. Дом кирпичный, хорошая тепло- и звукоиз"
b04,cian_317410374,"Москва, ул. Спиридоновка д. 12",2430000,2,117.0,507,"","Просторная квартира с одной спальней в доме ""Спиридоновка, 12"" на Патриарших прудах. Квартира общей площадью 117 м² расположена на последнем 12 этаже с одними из лучших видовыми характеристиками. Выполнена отделка с использованием натуральных материалов — на полу массив ореха, в санузлах гранит и мрамор. Особый акцент в оформлении создается за счет панелей из дерева и графики на стенах. Продуманы различные сценарии освещения. Квартира укомплектована кухонной техникой Gaggenau и Kupperbusch, подогрев полов в санузлах, японская сплит-система, шторы на электроприводе. Планировкой предусмотрено: к"
b04,cian_328760948,"Москва, Гранатный пер, 10стр1",570000000,4,192.6,513,"","Номер объекта: 587984. Уникальный дом, построенный для руководителей и выдающихся деятелей советской эпохи, соседствует с Домом Приемов МИДа и районом Патриарших прудов. Этот дом советской элиты и сегодня отвечает самым высоким стандартам комфортного жилья, а обслуживание и охрана дома остаются на традиционно высоком уровне. Предложения квартир на продажу здесь появляются крайне редко. Просторная 4-комнатная квартира площадью 192.6 кв.м расположена на 5-м этаже. Функциональное планировочное решение: просторная гостиная, кухня, 3 спальни, 3 санузла, кладовая, 2 лоджии. Высокие потолки. Панорамн"
b04,cian_332702786,"Москва, ул. Тверская, д. 25/12, кв. 64",39900000,3,48.0,518,"","Квартира с 2 спальнями общей площадью 48 м² расположена на высоком 2 этаже исторического дома - в легендарном Доме Наркомлеса на Тверской, 25. Планировка включает кухню-гостиную с обеденной зоной, спальню, кабинет, который можно использовать как вторую спальню, ванную комнату и прихожую. Выполнена дизайнерская отделка во французском стиле. Потолки высотой 4 метра, паркет, уложенный ёлочкой, широкие каменные подоконники и высокие окна создают ощущение простора, света и благородной атмосферы. Квартира полностью укомплектована премиальной мебелью Eichholtz. Установлен кухонный гарнитур с фасадами"
b04,cian_331604618,"Москва, Большая Бронная улица, 27/4",155000000,4,255.0,570,"","Лот 59244. Качевская Полина. Начать рассказ об этой квартире хочется с цены. Где вы видели такие предложения — 600 тысяч рублей за метр в ЦАО? Да ещё и с таким знаковым адресом, который не нуждается в представлении: Большая Бронная улица. Помимо очевидной выгоды, здесь очень легко представить свою жизнь. Утром — кофе в любимом месте на Патриарших, несколько минут пешком до встреч в центре. Днем — размеренный ритм города за пределами вашего дома. Вечером — тишина старого московского переулка, где за окнами не шум магистралей, а история одного из самых красивых районов столицы. Эта квартира зани"
b04,cian_328205111,"Россия, г. Москва, Тверская-Ямская 1-я ул., д. 2А",119900000,2,94.0,726,"","204288 ЖК Vesper Tverskaya Срочная продажа! Новый апартамент! На продажу предлагается роскошный, абсолютно новый апартамент в жилом комплексе делюкс класса Vesper Tverskaya! Функциональная планировка: Просторная мастер-спальня со своим санузлом и гардеробом, гостиная с большой мягкой зоной для комфортного досуга, небольшая уютная кухня для вкусных завтраков, гостевой санузел. Множество мест хранения, сервировочные стильные столики для удобства подачи - перемещения блюд и напитков. Стильный, изысканный письменный стол для решения деловых задач. Апартамент полностью меблирован под ключ, никто не"
b04,cian_332632243,"Россия, г Москва, ул 2-я Брестская, д 6",21600000,1,37.2,728,"","Резиденция Тверская 37 м² Маяковская 5 мин АДРЕС: 2-я Брестская, 6 — ЖК ""Резиденция Тверская"", бизнес-класс Тверской район ПАРАМЕТРЫ -1 комната, 37,15 м² / кухня 6 м² -Потолки 3,1 м, панорамные окна -9 этаж из 12 -Апартаменты ОБ ОБЪЕКТЕ Апартамент в пред-чистовой отделке в клубном доме бизнес-класса в историческом центре Москвы. Вид на исторический центр с 9 этажа. Потолки 3 м, панорамные окна. Круглосуточная охрана, видеонаблюдение, консьерж. Идеально: проживание, представительский офис или арендная инвестиция. ТРАНСПОРТ Маяковская — 5 мин пешком Садовое кольцо, Тверская, весь деловой центр —"
b04,cian_330443032,"Москва, улица 2-я Брестская, д.6",24000000,1,38.0,728,"","ЖК Резиденция Тверская. Эксклюзивное предложение для тех, кто ищет апартаменты в новом доме премиум-класса с готовым дизайнерским ремонтом по доступной цене в самом сердце столицы. Отделка выполнена по индивидуальному дизайн-проекту. Зона кухни, перегородка, зона спальни и гостиной, совмещенный санузел с душевой кабиной и прихожая. Апартамент укомплектован всем необходимым для комфортного проживания или сдачи в аренду. На материалах не экономили. Ремонт делали для себя. Жилой комплекс расположен в 5 минутах от станции метро - Маяковская. Общая площадь составляет 37.5 квадратных метров, что поз"
b04,cian_329656510,"Россия, г. Москва, Брестская 2-я ул., д. 6",45000000,1,62.0,728,"","177977 ЖК Резиденция Тверская Роскошные апартаменты общей площадью 62 м² в престижном жилом комплексе ""Резиденция Тверская"". Интерьер помещения выполнен с применением материалов премиум-класса, каждая деталь продумана до мельчайших нюансов. Пространство сочетает в себе изысканный дизайн и максимальный комфорт. Апартаменты включают в себя: гостиную, совмещенную с кухней, расположенной в отдельной функциональной зоне, спальную зону. Все элементы мебели изготовлены из натуральных материалов. В спальне установлена комфортабельная двуспальная кровать с ортопедическим матрасом от Tempur. В гостиной "
b04,cian_330700694,"Россия, Москва, 2-я Брестская улица, 6",54900000,2,76.5,728,"","Премиальные апартаменты. Планировочное решение: кухня-гостиная, мастер-спальня, гардеробная с постирочной, холл, гостевой санузел. Окна выходят в тихий двор. Открытый вид, солнечная сторона. Апартаменты полностью меблированы и укомплектованы встроенной техникой ( кофемашина, холодильник, микроволновая печь, посудомоечная, стиральная машины- Smeg, Bosch). На кухне фартук и островная часть-натуральный камень. Итальянские светильники. Установлено видеонаблюдение, система кондиционирования и вентиляции. Консьерж-сервис, на 6 ом этаже - камерный ресторан с живописным 20 метровым водопадом. Бесшумны"
b04,cian_329035984,"Россия, г. Москва, Брестская 2-я ул., д. 6",73000000,2,80.0,728,"","194111 ЖК Резиденция Тверская Уникальный объект в ЦАО в стиле ""ПАРИЖСКИЙ ШИК"" Предложение для тех, кто ищет квартиру или апартаменты в новостройке премиум-класса с готовым ремонтом высокого уровня по цене, значительно ниже, чем в аналогичных домах в соседних районах! Объект с просторной кухней, тремя гардеробными и двумя санузлами, что соответствует всем современным тенденциям. В отделке кухни и санузлов использованы только эксклюзивные материалы и редкие породы камня: мрамор, оникс и кварцит. Во входной группе на полу — мраморная мозаика. Идеальное место для жизни! Преимущества квартиры/апарт"
b04,cian_332500030,"Россия, Москва, Большой Гнездниковский переулок, 3",210000000,3,160.0,758,"","ID: 5823. Дизайнерская трёхкомнатная квартира с роскошной гостиной с французскими окнами. Мастер-спальня с санузлом, кабинет с санузлом с возможностью переоборудования во вторую спальню. Имеется хозяйственная комната-постирочная, а также гостевой санузел. Интерьер выполнен по проекту итальянского архитектора. В отделке использованы бразильский палисандр, оникс, мрамор. Подключена система умный дом. Мебель Giorgetti и других ведущих итальянских брендов. Бытовая техника Gaggenau, Sub-Zero. Дом с подземным паркингом и бассейном расположен в окружении театров, ресторанов и лучших гимназий Москвы. "
b04,cian_331960482,"Москва, 1-я Тверская-Ямская улица, 2А",120142582,1,57.6,759,"","УНИКАЛЬНЫЙ ЛОТ! Апартаменты с полной отделкой и меблировкой, а также декорированием от BoscoCasa. Общая площадь 57,6 кв.м, 8-й этаж. Готовый дом с 5* уровнем сервиса от трендсеттера осознанного гостеприимства - Мосс Хоспиталити (всемирная ассоциация консьержей ""Золотые ключи""). Апартамент с декорированием БоскоКаса - готовый образ жизни в Веспер Тверская. Этот апартамент продается не просто как пространство, а как полностью продуманный интерьерный сценарий, созданный БоскоКаса для тех, кто ценит статус и безупречные детали. В интерьере использованы предметы ведущих европейских домов: МиссониХо"
b04,cian_332759820,"Россия, Москва, Воротниковский переулок, 5/9",53000000,2,50.0,774,"","Агент. Предлагается к продаже уникальная двухкомнатная квартира общей площадью 50 м² по адресу: Москва, Воротниковский переулок, дом 5/9. Это идеальный вариант для тех, кто ценит тишину исторического центра, премиальный комфорт. Дом расположен в тихом историческом центре Москвы, между станциями метро Маяковская, Пушкинская и Чеховская 5-7 минут спокойным шагом). Это малоэтажное здание с историей, в частности здесь жила Фаина Раневская и другие известные люди. Дом после полной реконструкции фасада с сохранением архитектурного облика. Монолитные перекрытия. Во дворе тихо и безопасно. Закрытая ох"
b04,cian_332843856,"Москва, Красина пер, 16стр1",98000000,4,260.0,780,"","Номер объекта: 13881. Апартаменты для проживания в Пресненском районе. 4-комнатные апартаменты 260 м² в центре Москвы | SKY LOFT KRASINA | м. Маяковская Предлагаются эксклюзивные 4-комнатные апартаменты для проживания площадью 260 м² в историческом центре Москвы по адресу: переулок Красина, 16с1. Редкий формат для ценителей нестандартной архитектуры, приватности и просторных интерьеров. Апартаменты расположены на последнем, 9-м этаже комплекса SKY LOFT KRASINA — без соседей сверху, с панорамным остеклением, мансардными окнами и впечатляющими видами на центр столицы. Главная особенность объекта"
b04,cian_318345188,"Москва, 1-ая Тверская-Ямская ул., 7",65000000,2,71.3,794,"","ID 63701. Эксклюзив. Только в Intermark. Идеальная квартира для семейной пары в фасадном доме на 1-й Тверской-Ямской улице, в центре культурно-досуговой жизни Москвы. Квартира невероятно воздушная и светлая! Только что закончен высококачественный ремонт. Проект разработан дизайнером с использованием натуральных отделочных материалов. Планировка: кухня-гостиная с балконом, спальня, зона кабинета (которую легко переоборудовать детскую), ванная комната с подогревом полов и гостевой санузел. Полностью заменена проводка и выведена система кондиционирования. Установлены тройные шумоизоляционные стек"
b04,cian_331641465,"Москва, Скатертный пер, д. 28",167200000,4,176.0,821,"","Лот: 112778. В продаже квартира с отделкой в клубном доме ""Скатертный переулок, 28"" — камерной резиденции в одном из самых атмосферных уголков исторического центра Москвы. Здесь нет городского шума и суеты, только тихие переулки, старинные особняки и ощущение размеренной жизни, которое сегодня стало настоящей редкостью. Всего в нескольких минутах — Патриаршие пруды, лучшие рестораны, театры и знаковые места столицы. Квартира площадью 176 м² расположена на 3 этаже и наполнена теплом классического интерьера. Натуральное дерево, благородный паркет, мебель из массива, мягкие светлые оттенки и боль"
b04,cian_329776569,"Россия, Москва, Большая Никитская улица, 31",29900000,2,39.8,851,"","Предлагаем вашему вниманию уникальные апартаменты в историческом центре Москвы. Общая площадь — 39.8 кв. м, расположены на 5 этаже 7-этажного кирпичного дома, построенного в 1900 году. Высокие потолки в 3.8 метра создают ощущение простора и света. Дом оснащен пассажирским лифтом, что добавляет удобства в повседневной жизни. Апартаменты выполнены в дизайнерском стиле, который придется по вкусу ценителям современного комфорта. Дом находится в отличном состоянии, благодаря регулярному уходу и вниманию к деталям. Вокруг дома имеется вся необходимая инфраструктура: школы, детские сады, клиники и ма"
b04,cian_321258330,"Россия, г. Москва, Дегтярный пер., д. 15, корп. 1",149000000,3,188.5,854,"","140367 Уникальная квартира 188,50 кв. м с дизайнерским ремонтом в центральном округе Москвы возле Тверской улицы в Дегтярном переулке. Ремонт делали для себя, поэтому предусмотрели все детали для комфортной жизни. Качественные материалы в отделке, дорогая мебель из натурального дерева, бытовая техника Miele, приточно-вытяжная вентиляция и немецкая сантехника. Квартира с двумя спальнями, просторной кухней-столовой и гостиной, есть 2 кладовые и гардеробная с окном. Бонусом к квартире является балкон с видом на тихий двор. Будем рады Вашему звонку. Участник ассоциации AREA"
b04,cian_330179165,"Россия, Москва, 1-я Тверская-Ямская улица, 10",69900000,4,100.0,866,"","ID 46564. Эксклюзив Интермарк. Уютная 4-комнатная квартира в центре Москвы! Свободная продажа, не единственное жилье (!), 1 взрослый собственник, более 10 лет. Высокий этаж, много света. Высококачественный ремонт, делали под себя - художественный паркет, роспись на стенах, витражные распашные двери. Есть кондиционеры, бойлер, посудомоечная машина, стиральная машина, джакузи. Общая площадь: 99.8 кв. м. Планировка распашная - 2 комнаты на 1 Тверскую-Ямскую, 2 - во двор - в сторону 2 Тверской-Ямской: гостиная-кухня, 3 спальни, 1 совмещенная просторная ванная комната с душевой кабиной и джакузи, п"
b04,cian_330998292,"Россия, Москва, Никитский бульвар, 25",75000000,3,72.5,885,"","Уникальная квартира! С потрясающим видом! Пожалуй, с лучшим видом на Бульварном кольце, среди продаваемых квартир в 2026 году! Просторная, уютная трехкомнатная квартира с дизайнерским ремонтом, высокими потолками и итальянской мебелью. Планировка идеальна: комнаты изолированы, два санузла, гардеробная. Свет и Вид на две стороны: Квартира — редкая находка для ценителей солнечного света и городской эстетики. Окна выходят на две стороны: Вид 1: Спокойный вид на старинную Церковь ""Феодора Студита"" (историческое сердце района, домашняя церковь Александра Суворова). Купола создают неповторимый колор"
b04,cian_328477135,"Москва, Большая Грузинская улица, 37с2",75000000,3,115.0,972,"","Лот 59225. Аристов Евгений. Оперативный показ! Ключи у нас! Роскошная 3-комнатная квартира с панорамными видами на Москву Представляем вашему вниманию эксклюзивную 3-комнатную квартиру в одном из самых престижных районов Москвы — Пресненском. Расположенная по адресу ул. Большая Грузинская, 37с2, она сочетает современный стиль, функциональность и непревзойдённые виды на столицу. Особенности квартиры: Просторная планировка: большая гостиная, объединённая с функциональной кухней; две уютные спальни (одна — с гардеробной и выходом на просторную лоджию, вторая — с небольшим балконом). Два санузла ("
b04,cian_327956251,"Москва, 1-я Брестская улица, 33с1",69600000,2,125.0,982,"","Лот 53318. Максим Горшков. Эксклюзив. Свободная продажа. 2-комнаты, 2 этаж 7 этажного здания 1906 года постройки. Кирпичный дом. Пол: паркет. Общая площадь 125 кв.м. Спален - 1. Совмещенных санузлов - 2 (душевая с турецкой сауной). Пассажирских лифтов - 1. Окна выходят и на улицу, и во двор. Высота потолков - 3.4 м. Была сделана перепланировка квартиры. Основание права собственности - купля-продажа от 2001 года, владельцев - 1. Несовершеннолетних собственников нет. Прописан 1 человек. Дизайн квартиры выполнен в стиле industrial loft. Дизайнерская кухня-трансформер из нержавеющей стали с мини х"
b04,cian_332103836,"Россия, Москва город, улица 1-я Брестская, дом 36",56000000,4,125.7,996,"","Продаётся квартира с мебелью и техникой в малоквартирном доме дореволюционной постройки. Описание объекта: Объект предлагается в юридически чистом виде: более 10 лет в собственности, свободная продажа, договор купли-продажи. Состояние дома и инфраструктура: Здание представляет собой малоквартирный дом (всего 15 квартир), расположенный в благоустроенном районе с развитой социальной и коммерческой инфраструктурой. В непосредственной близости находятся детские сады, школы, поликлиники, магазины и рестораны. Для прогулок и отдыха доступен Миусский парк. До ближайшей станции метро Белорусская - 6 м"
b04,cian_319396964,"Москва, 1-ый Тверской-Ямской пер., 11",137000000,4,144.0,1002,"","ID 64882. Эксклюзив. Только в Intermark. Лаконичная 4-комнатная квартира в элитном жилом комплексе в небольшом переулке района Тверской. Удобно и продуманно разделенное жилое пространство: большой холл, зона кухни-гостиной с балконом, выделенный блок с тремя спальнями, 2 с/у, постирочная комната, вместительная гардеробная. Спокойный, современный стиль отделки в сдержанной цветовой гамме. Из окон открываются приятные виды в сторону центра и на зелень. Презентабельная входная группа, круглосуточная охрана, установлено видеонаблюдение по периметру территории дома. До уютной прогулочной зоны Миусс"
b04,cian_328853328,"Москва, Брюсов переулок, 2",1428225000,3,208.7,1075,"","Резиденция с лоджией и видами на Англиканскую церковь Резиденция с 3 спальнями, 208,7 м², 6 этаж из 6. Вход в квартиру сразу из лифта. Планировочное решение включает гостиную с дровяным камином, три спальни, просторную лоджию, сервисную зону с отдельным входом для персонала. Полная приватность жильцов и персонала обеспечена раздельными входами и сервисным лифтом. Виды с резиденции открываются на Англиканскую церковь и во внутренний двор. Резиденция в клубном доме ""Брюсов"" — где каждый день начинается с тишины и света. Всего 17 адресов в самом сердце Москвы могут носить имя ""Брюсов"". Расположен"
b04,cian_328853327,"Москва, Брюсов переулок, 2",1810050000,4,329.3,1075,"","Резиденция с лоджией и видами на Кремль и Англиканскую церковь Резиденция с 4 спальнями, 329,3 м², 5 этаж из 6. Вход в квартиру сразу из лифта. Планировочное решение включает гостиную с дровяным камином, четыре спальни, просторную лоджию, сервисную зону с отдельным входом для персонала, комнату для персонала с собственным санузлом. Полная приватность жильцов и персонала обеспечена раздельными входами и сервисным лифтом. Виды с резиденции открываются на Кремль, Англиканскую церковь и во внутренний двор. Резиденция в клубном доме ""Брюсов"" — где каждый день начинается с тишины и света. Всего 17 а"
b04,cian_331333657,"Москва, 4-я Тверская-Ямская ул, 22",109000000,3,122.5,1082,"","Номер объекта: 594066. Просторная 3-комнатная квартира площадью 122.5 кв.м. в клубном доме с подземным паркингом. В квартире выполнена авторская отделка в современном стиле. Функциональное планировочное решение: просторная гостиная с зонами столовой и кухни, спальня с гардеробной, вторая спальня-кабинет, 2 санузла, балкон. В квартире установлены центральная система кондиционирования, система очистки воздуха, ""теплый пол"", домашний кинотеатр. Кухня оборудована бытовой техникой Siemens. Клубный дом 2001 года постройки. Круглосуточная охрана. Предусмотрен подземный паркинг, есть возможность аренд"
b04,cian_329663473,"Москва, Никитский Бульвар, 12",61000000,2,60.4,1096,"","ID 63776. ЖК Никитский бульвар 12. Великолепная 2-комнатная квартира с современным интерьером в легендарном фасадном доме на Никитском бульваре. Качественная отделка выполнена по эксклюзивному дизайн проекту в нежных и теплых оттенках. Квартира укомплектована итальянской мебелью Minotti, на кухне - бытовая техника Miele. Установлена аудио- и видеосистемы от Bang & Olufsen. Большие окна с тройными стеклопакетами наполняют жилое пространство дневным светом, а высокие потолки придают еще большее ощущение простора. Дом после полной реставрации. В пешей доступности расположены известные театры и му"
b04,cian_326015475,"Россия, Москва, 4-я Тверская-Ямская улица, 22к2",124000000,4,168.0,1130,"","Продается просторная 4-комнатная квартира общей площадью 168 кв. м, расположенная на 5 этаже современного жилого дома. Удобная планировка включает в себя светлую гостиную, кухню, изолированные жилые комнаты и 4 санузла, что обеспечивает максимальный комфорт для семьи и гостей. Окна квартиры выходят во двор, что создает тихую и уютную атмосферу. Дом находится в престижном районе с развитой инфраструктурой: в шаговой доступности расположены школы, детские сады, магазины, рестораны, медицинские учреждения и зоны для прогулок и отдыха. Удобная транспортная доступность позволяет быстро добраться до"
b04,cian_329774023,"Москва, переулок Газетный, д.13, к.2",400000000,3,215.5,1147,"","Апартамент с большой собственной террасой в клубном ""Доме в Газетном"" - в историческом центре Москвы, рядом с Тверской и Большой Никитской. Параметры: Общая площадь - 215,5 м: внутренняя площадь апартамента - 139,3 м; собственная терраса - 76,2 м; этаж - 4 из 5; потолки - 3,06 м; состояние - White Box; панорамное остекление; свободная планировка. Площадь позволяет создать полноценную семейную резиденцию: просторную кухню-гостиную с выходом на террасу; мастер-спальню с собственной ванной и гардеробной; вторую спальню со своим санузлом; кабинет или третью спальню; дополнительные гардеробные; пос"
b04,cian_323363347,"Россия, Москва, Поварская улица, 8/1к1",117500000,2,77.4,1182,"","Код объекта: 2167527. Апартаменты с однои спальнеи в ЖК ""De Luxe квартал апартаментов Театральныи Дом"" в престижнои локации Арбат. Это законченное произведение интерьерного искусства, где продумана каждая деталь - лот для тех, кто ценит безупречное качество, передовые технологии и авторскии дизаин. Также продается машино-место площадью 21,3 м² на -2 этаже подземного паркинга, расположенное возле выхода из лифта, и келлер 6,1 м² (не входят в стоимость). Высота потолка 4 метра наполняет пространство светом и объемом. Окна ориентированы на восток, открывается прекрасныи вид на сквер Гоголя, на вс"
b04,cian_332784763,"Москва, Москва, Тверская, 9",189000000,4,133.0,1184,"","id:2067. Квартира с душой и светом Солнечный свет, паркет ""ёлочкой"", старинные двери с витражами - это и есть идеальный баланс классики с современным стилем. Просторная кухня-гостиная для уютных ужинов, отдельный кабинет для работы, стильная гостиная с акцентной картиной. Атмосфера старой Москвы в каждой детали - от арочных окон до изящной люстры. Это не просто стены, это готовый интерьер для вдохновения. Идеально для тех, кто ценит эстетику и комфорт в самом центре города. Звоните, смотреть обязательно!"
b04,cian_332825876,"Россия, Москва, Средний Тишинский переулок, 5",350000000,4,163.0,1193,"","Квартира в доме делюкс класса, расположенная в самом удачном корпусе ЖК Дом на Тишинском, которая не планировалась к продаже. Все ремонтные работы завершены, все новое. Реализацию планируем в ближайшее время. Полная стоимость в договоре. Без обременений. Готовы к быстрому выходу на сделку. Дизайнерская отделка с использованием премиальных натуральных материалов — Квартира полностью меблированна. Оборудована встроенной бытовой техникой и премиальной сантехникой. ПЛАНИРОВКА Изолированная кухонная зона, гостиная, мастер-спальня со своей уборной, ванной и душевой. Детская, 2 санузел, кабинет, гост"
b04,cian_332939786,"Россия, г. Москва, Тишинский Средний пер., д. 5",350000000,4,163.2,1193,"","213226 ЖК Дом на Тишинке Ко-эксклюзив. Семейная квартира 163,4 м² на 5-м этаже в самом приватном 7-этажном корпусе ЖК ""Дом на Тишинке"" — доме делюкс-класса с клубным форматом проживания. Квартира создавалась для собственной семьи и не планировалась к продаже. Всё продумано до мелочей. Высота потолков 3,2 м, большие окна и отличная инсоляция создают ощущение света и объёма. Функциональная планировка включает: - просторную гостиную с выделенной зоной для кухни общей площади 45,5 кв. м; - мастер-спальню 37,1 кв. м с гардеробной и собственной ванной комнатой; - детскую 23,9 кв. м; - кабинет 17,6 к"
b04,cian_304244566,"Россия, Москва, Средний Тишинский переулок, 5",390000000,4,243.0,1193,"","Эксклюзив! ПЕНТХАУС С ПРОСТОРНОЙ ТЕРРАСОЙ И НОВОЙ ОТДЕЛКОЙ в ЖК ""Дом на Тишинке"", расположенный в Пресненском районе! Метраж тёплого контура квартиры 201.5 кв м + метраж террасы 83 кв м (указан в общей площади пентхауса с коэффициентом 0.5) Дизайнерская отделка с использованием премиальных материалов (дерево, камень). Квартира полностью меблирована (ведущие европейские фабрики), оборудована встроенной бытовой техникой, дорогой сантехникой. ПЛАНИРОВОЧНОЕ РЕШЕНИЕ: изолированная кухня, гостиная-столовая с выходом на террасу, мастер-спальня с гардеробной комнатой и с/у, спальня, кабинет, гостевой "
b04,cian_332057874,"Россия, Москва, Большой Кондратьевский переулок, 8с1",20000000,1,32.0,1207,"","Продаётся квартира в ТИХОМ, ЗЕЛЁНОМ, УЮТНОМ месте в ЦЕНТРЕ МОСКВЫ. Квартира в хорошем состоянии. Из окон открывается ПРЕКРАСНЫЙ ВИД. Изолированная комната с балконом. Отдельно кухня. С/у совмещенный. Просторный холл. Квартира укомплектована всё необходимой мебелью и техникой. Дом кирпичный, 1961 года постройки. Перекрытия железобетонные. Лифт. Идеальный вариант, как для проживания, так и под арендный бизнес. В доме сделан ремонт. Чистый подъезд. Вся необходимая инфраструктура рядом. Метро в шаговой доступности. Рядом с домом небольшая парковка под шлагбаумом."
b04,cian_318943993,"Россия, г. Москва, Кисловский Ср. пер., д. 5/6, стр. 3",195000000,4,193.7,1208,"","181227 Небо и солнце, поток воздуха Комфортабельный современный лофт площадью 193,7 кв.м в стиле фьюжн в доходном доме Якунчиковых XIX века, который включает всего 7 квартир, расположен в стороне от городского шума, в очень тихом месте, скрытом зеленью деревьев. Квартира занимает два этажа: 3-й этаж и мансарду с высотой потолка 3,26 м. Большие окна первого уровня и мансарды, открытые пространства и свободный горизонт позволят обойтись без занавесок! Просторная столовая с дровяным камином, кухня с профессиональной вытяжкой, домашний кинотеатр с 3D-звуком, гардеробная с высокими шкафами, ванная "
b04,cian_332473005,"Москва, Дружинниковская улица, 18",110432290,1,45.8,1221,"","Продаётся 1-комнатная квартира с просторной кухней-гостиной в клубном жилом проекте элит-класса ""Дом Спорта"" — идеальный формат для тех, кто ценит комфорт и продуманную функциональность. Пространство, где каждая деталь создана для вашей жизни в комфорте и балансе. Это квартира, в которой компактность сочетается с ощущением пространства и свободы. Планировка продумана так, чтобы создать максимально удобную и современную среду для жизни: — Просторная кухня-гостиная для отдыха, работы и приёма гостей — Изолированная мастер-спальня с гардеробной — приватная зона для спокойствия и восстановления Ок"
b04,cian_331726536,"Москва, Дружинниковская улица, 18",110432290,1,45.8,1221,"","Продаётся 1-комнатная квартира с просторной кухней-гостиной в клубном жилом проекте элит-класса ""Дом Спорта"" — идеальный формат для тех, кто ценит комфорт и продуманную функциональность. Пространство, где каждая деталь создана для вашей жизни в комфорте и балансе. Это квартира, в которой компактность сочетается с ощущением пространства и свободы. Планировка продумана так, чтобы создать максимально удобную и современную среду для жизни: — Просторная кухня-гостиная для отдыха, работы и приёма гостей — Изолированная мастер-спальня с гардеробной — приватная зона для спокойствия и восстановления Ок"
b04,cian_332473016,"Москва, Дружинниковская улица, 18",183008133,2,74.4,1221,"","Старт продаж! Продаётся 2-комнатная квартира евроформата в клубном жилом проекте элит-класса ""Дом Спорта"" — пространство с выразительной архитектурой и гибкой планировкой в центре Москвы. Квартира спроектирована так, чтобы адаптироваться под разные сценарии жизни, сохраняя баланс между приватностью и открытым пространством: — Кухня-гостиная — основная зона для жизни, отдыха и приёма гостей — Изолированная мастер-спальня с гардеробной — приватное пространство для комфорта и уединения Окна жилых комнат ориентированы на запад и север. Западная сторона открывает виды в сторону Москва-Сити и наполн"
b04,cian_332473019,"Москва, Дружинниковская улица, 18",309715153,3,98.3,1221,"","Старт продаж! Продаётся 3-комнатная квартира евроформата в клубном жилом проекте элит-класса ""Дом Спорта"". Планировка квартиры продумана для комфортной и размеренной жизни, сочетая приватность личных пространств и функциональность общей зоны: — Просторная кухня-гостиная — место для отдыха, общения и приёма гостей — Две изолированные мастер-спальни — приватные зоны для комфортного проживания Ключевое преимущество квартиры — две собственные террасы. Первая терраса примыкает к спальне, создавая уединённое пространство для отдыха. Вторая имеет выход из гостиной и становится естественным продолжени"
b04,cian_320386160,"Москва, Б. Никитская ул., 9",350000000,2,107.7,1234,"","ID 64518. ЖК Стелла ди Моска (Stella di Mosca). Не имеющая аналогов в Москве эксклюзивная резиденция площадью 107,7 кв.м с приватной террасой в жилом комплексе класса deluxe Stella di Mosca Hotel & Residences в шаге от Кремля. Выполнена изящная высококачественная отделка от известной мировой команды архитектурного бюро ANTONIO CITTERIO - PATRICIA VIEL, соответствующая всем стандартам легендарного Дома Bvlgari с использованием исключительно материалов премиум-класса (оникс, мрамор, натуральный камень, бронза, ценные породы дерева). Резиденция укомплектована функциональной гардеробной из натурал"
b04,cian_331726546,"Москва, Дружинниковская улица, 18",296739345,3,97.3,1250,"","Старт продаж! Продаётся 3-комнатная квартира евроформата в клубном жилом проекте элит-класса ""Дом Спорта"". Планировка квартиры сочетает функциональность, приватность и возможность адаптации пространства под разные сценарии жизни: — Просторная кухня-гостиная — центр повседневной жизни, отдыха и приёма гостей — Две изолированные мастер-спальни с гардеробными — комфортные приватные зоны для каждого члена семьи Ключевое преимущество квартиры — светлая гостиная зона с панорамным остеклением и возможностью гибкой организации пространства. В базовом варианте кухня объединена с гостиной, формируя прос"
b04,cian_331726545,"Москва, Дружинниковская улица, 18",398041268,4,162.0,1250,"","Старт продаж! Продаётся 4-комнатная квартира с просторной террасой в клубном жилом проекте элит-класса ""Дом Спорта"" — редкий формат для тех, кто выбирает приватность, масштаб и безупречный комфорт. Эта квартира — больше, чем просто квадратные метры. Это продуманное пространство для жизни, отдыха и вдохновения. Планировка создана для максимального комфорта: — Просторная кухня-столовая для семейных ужинов и приёма гостей — Изолированная гостиная для уютных вечеров и приватного отдыха — Большая мастер-спальня с гардеробной — Две просторные спальни с гардеробными — для детей, кабинета или гостевых"
b04,cian_332597348,"Москва, Дружинниковская улица, 18",398041268,4,162.0,1250,"","Старт продаж! Продаётся 4-комнатная квартира с просторной террасой в клубном жилом проекте элит-класса ""Дом Спорта"" — редкий формат для тех, кто выбирает приватность, масштаб и безупречный комфорт. Эта квартира — больше, чем просто квадратные метры. Это продуманное пространство для жизни, отдыха и вдохновения. Планировка создана для максимального комфорта: — Просторная кухня-столовая для семейных ужинов и приёма гостей — Изолированная гостиная для уютных вечеров и приватного отдыха — Большая мастер-спальня с гардеробной — Две просторные спальни с гардеробными — для детей, кабинета или гостевых"
b04,cian_331232080,"Москва, улица Климашкина, 7/11",102488320,1,50.2,1272,"","Климашкина 7/11 — редкая возможность жить в доме с историей и характером Открыт старт продаж в камерном клубном доме премиум-класса. Климашкина 7/11 — современный проект с редкой деталью: сохранённый фасад особняка XIX века. Всего 46 резиденций. На этаже — от 2 до 4 квартир, что создает исключительную приватность, редкую даже для элитного сегмента. Локация, которая говорит сама за себя Тихий и интеллигентный центр Пресни — место, где Москва раскрывается с лучшей стороны. В вашем окружении: — Центр Зотов и знаковые памятники конструктивизма — мастерская Зураба Церетели — Римско-католический каф"
b04,cian_331232079,"Москва, улица Климашкина, 7/11",129588800,1,79.6,1272,"","Климашкина 7/11 — редкая возможность жить в доме с историей и характером Открыт старт продаж в камерном клубном доме премиум-класса. Климашкина 7/11 — современный проект с редкой деталью: сохранённый фасад особняка XIX века. Всего 46 резиденций. На этаже — от 2 до 4 квартир, что создает исключительную приватность, редкую даже для элитного сегмента. Локация, которая говорит сама за себя Тихий и интеллигентный центр Пресни — место, где Москва раскрывается с лучшей стороны. В вашем окружении: — Центр Зотов и знаковые памятники конструктивизма — мастерская Зураба Церетели — Римско-католический каф"
b04,cian_331232083,"Москва, улица Климашкина, 7/11",248636080,3,156.1,1272,"","Климашкина 7/11 — редкая возможность жить в доме с историей и характером Открыт старт продаж в камерном клубном доме премиум-класса. Климашкина 7/11 — современный проект с редкой деталью: сохранённый фасад особняка XIX века. Всего 46 резиденций. На этаже — от 2 до 4 квартир, что создает исключительную приватность, редкую даже для элитного сегмента. Локация, которая говорит сама за себя Тихий и интеллигентный центр Пресни — место, где Москва раскрывается с лучшей стороны. В вашем окружении: — Центр Зотов и знаковые памятники конструктивизма — мастерская Зураба Церетели — Римско-католический каф"
b04,cian_332121171,"Москва, Фадеева ул., 4А",257500000,4,151.0,1272,"","ID 65287. Эксклюзив. Только в Intermark. ЖК Итальянский Квартал. Изящная квартира с авторской отделкой в знаковом элитном жилом комплексе Итальянский Квартал в районе Тверской, всего в 2 км от Кремля. Особенность квартиры: интерьер выполнен с безупречным вкусом и продуман до мелочей - это пространство, созданное ""для себя"" с любовью к деталям. В отделке использованы дорогостоящие натуральные материалы, эксклюзивная мебель изготовлена на заказ, техника - только премиальных брендов, а уникальные предметы декора привезены из разных стран, на полу уложен штучный паркет из дуба. Система климат-конт"
b04,cian_323753029,"Москва, Фадеева ул., д. 4А",275000000,4,174.0,1272,"","Лот: 35448. Ко-Эксклюзив NF GROUP. В продаже квартира с новой дизайнерской отделкой и террасой в элитном жилом комплексе ""Итальянский квартал"" — камерной резиденции в центре Москвы с атмосферой европейского города и выразительной архитектурой. Пространство сочетает эко-эстетику, премиальные материалы и современные инженерные решения, формируя уникальный характер городской резиденции. Интерьер выполнен в стиле эко-шик с использованием американского ореха, натурального слэба, декоративного мха и вставок из древнего аммонита. В гостиной установлен био-камин, кухня оснащена системой сенсорного отк"
b04,cian_320808345,"Москва, ул. Фадеева, д. 4а",275000000,4,174.0,1272,"","Эксклюзивная квартира с тремя спальнями общей площадью 174 м² в комплексе премиум-класса ""Итальянский квартал"" на четвёртом этаже. Квартира уникальна своим расположением в торцевой части дома. Это настоящая находка для тех, кто ценит комфорт и индивидуальность, так как в этой части дома всего четыре этажа и восемь квартир. Вы получаете не только пространство для жизни, но и возможность наслаждаться уединением. Выполнена авторская отделка с использованием натуральных материалов — американских орех, древний аммонит. На полу выложены плитка и паркетная доска. Произведены работы по комплексной шум"
b04,cian_323699235,"Москва, улица Климашкина, 7/11",283140500,2,154.3,1272,"","Климашкина 7/11 — редкая возможность жить в доме с историей и характером Открыт старт продаж в камерном клубном доме премиум-класса. Климашкина 7/11 — современный проект с редкой деталью: сохранённый фасад особняка XIX века. Всего 46 резиденций. На этаже — от 2 до 4 квартир, что создает исключительную приватность, редкую даже для элитного сегмента. Локация, которая говорит сама за себя Тихий и интеллигентный центр Пресни — место, где Москва раскрывается с лучшей стороны. В вашем окружении: — Центр Зотов и знаковые памятники конструктивизма — мастерская Зураба Церетели — Римско-католический каф"
b04,cian_331039050,"Россия, Москва, Дружинниковская улица, 15А",87500000,3,79.8,1275,"",Создали 3 варианта планировки с 2 спальнями ! Готовы выполнить их для покупателя под ключ - планировочные решения вы можете увидеть на фото. Приглашаем вас на просмотр видовых апартаментов в премиальном жилом комплексе Sky View. Из панорамных окон открываются впечатляющие виды на Московский зоопарк и легендарную высотку на Кудринской площади. Продуманная планировка: Просторная кухня-гостиная с зоной отдыха и приёма гостей Мастер-спальня с собственной гардеробной и ванной комнатой Гостевой санузел Просторная прихожая Возможность функционально спланировать вторую спальню Апартаменты идеально под
b04,cian_331593788,"Россия, Москва, Дружинниковская улица, 15А",100000000,3,95.0,1275,"","Предлагаются к продаже уникальные апартаменты без отделки в престижном жилом комплексе ""SkyView"". Общая площадь составляет 95 кв. м., что позволяет создать идеальное пространство для жизни в центре Москвы. Апартаменты находится всего в одной минуте от метро, а также предлагает эксклюзивный консьерж-сервис. ФУНКЦИОНАЛЬНАЯ ПЛАНИРОВКА: - совмещенная кухня-гостиная - 2 спальни - 2 санузла - гардеробная Апартаменты обладают 9 панорамными окнами, которые открывают потрясающие ВИДЫ на центр Москвы. Это создает атмосферу уюта и гармонии с природой, не покидая шумного мегаполиса. УСЛОВИЯ СДЕЛКИ: - Прям"
b04,cian_331596385,"Россия, Москва, Дружинниковская улица, 15А",115000000,3,91.4,1275,"","В престижном жилом комплексе ""SkyView"" предлагаются к продаже уникальные апартаменты БЕЗ ОТДЕЛКИ . Общая площадь составляет 91,4 кв. м., что позволяет создать идеальное пространство для жизни в центре Москвы. Квартира находится всего в одной минуте от метро, а также предлагает эксклюзивный консьерж-сервис. ФУНКЦИОНАЛЬНАЯ ПЛАНИРОВКА: - совмещенная кухня-гостиная - 2 спальни - 3 санузла - гардеробная Квартира обладает ПАНОРАМНЫМИ ОКНАМИ, которые открывают потрясающие ВИДЫ на центр Москвы, Белый Дом, Арбат. Это создает атмосферу уюта и гармонии с природой, не покидая шумного мегаполиса. УСЛОВИЯ С"
b04,cian_332362789,"Москва, Дружинниковская улица, 15А",115990000,3,93.9,1275,"","ID объявления: 600371 Оперативно продается апартамент в SkyView со свежей дизайнерской отделкой. Планировка: кухня-гостиная, мастер-спальня с ванной и гардеробной комнатами, вторая спальня, гостевой санузел. Из окон открывается вид на Московский Зоопарк и Высотку на Баррикадной. Документы готовы к сделке. Без обременений. Апартамент создавали ""под себя"". Продается по причине покупки апартамента побольше в этом же доме. Sky View — это премиальный комплекс апартаментов на Пресне. К августу откроется велнес-клуб MIR. Для резидентов откроют семь отдельных студий, 25-метровый бассейн, русскую баню,"
b04,cian_332029792,"Москва, Дружинниковская улица, 15 D",129900000,4,124.0,1275,"","Апартамент в новом современном комплексе Sky View, башня D. Общая площадь апартамента 124 кв. м, без отделки. Планируется: просторная кухня-гостиная, три спальни со своими ванными комнатами и гардеробными. Панорамные окна. Виды из окон в сторону центра Москвы на Зоопарк! В подземном паркинге два машино-места, не входят в стоимость. Роскошное расположение: ЦАО, Пресня: - 12 минут пешком до Парка Красная Пресня, 12 минут до Патриарших прудов, 1 минута до Пресненского детского Парка. Участник ассоциации агентств элитной недвижимости AREA."
b04,cian_331312959,"Москва, Дружинниковская ул., 15А",173000000,4,142.5,1275,"","ID 65090. Апартаменты с шикарным радиусным остеклением и видами на все достопримечательности центра Москвы в ЖК Sky View в Пресненском районе. Квартира идеально подходит под 2 сценария: для жизни и для дохода. Для жизни: вся инфраструктура внутри дома: фитнес с бассейном, сад на крыше, детский центр. Это жизнь с уровнем отеля, но со своим пространством и стилем. Апартаменты в состоянии whitebox - вы создаёте интерьер полностью под себя. Доход от аренды - от 350 000 до 550 000 ₽/мес. Окупаемость ремонта: при бюджете финишной отделки 10-12 млн ₽ и арендной ставке 450 000 ₽/мес. Затраты окупаются"
b04,cian_331595475,"Россия, Москва, Дружинниковская улица, 15А",180000000,4,194.9,1275,"","Предлагаются к продаже уникальные апартаменты 194.5 м² без отделки в премиальном жилом комплексе ""SkyView"" секция С, расположенном в самом сердце столицы. Впечатляющие 14 панорамных окон с видами на сталинскую высотку, центр города создают атмосферу простора и света. Идеальный выбор для тех, кто хочет реализовать индивидуальный проект. Планировка: - Кухня-гостиная (совмещённая) - 2 мастер-спальни - 1 гостевая спальня - 3 санузла - 2 гардеробные Кому подойдёт: - Для семей, ценящих комфорт — три спальни, простор и приватность - Для тех, кто работает в центре — метро рядом, всё рядом - Для поклон"
b04,cian_331232608,"Россия, Москва, Дружинниковская улица, 15А",299990000,4,174.0,1275,"","Код объекта: 2223820. 5-к квартира с 4 спальнями в новом премиальном ЖК Sky view (Скай вью), башня С. Дизайнерский ремонт, в спокойной эстетике премиум-класса, на данный момент ведутся ремонтные работы, срок окончания - начало осени 2026 г. (визуализация в описании). Уже готова предчистовая отделка, уложен паркет, заказана мебель и техника. Эксклюзивно от АН RED squared. Квартира: Пространство и свет: потолки 3,5 м, панорамные окна, красивый вид на город в сторону Белого дома и Москва-сити, который ничем не загорожен. План: большая кухня-гостиная 51 м², 2 изолированные мастер-спальни, 1 детска"
b04,cian_332791431,"Москва, Дружинниковская улица, 15",320000000,4,155.0,1275,"","ID 9885 ЖК ""Скай вью"" (Sky view) (Дружинниковская ул., дом 15а) ВИД на ЦАО, башня ""В"" 155 м2 / 4 комнаты/ 15 эт 3 мастер-спальни, Ремонт закончен, никто не жил -большая кухня- гостиная 53м2.; -главная мастер-спальня (44 м2) со своим с/у и гардеробной -мастер-спальня 2 (33 м2.) со своим с/у и гардеробной -мастер-спальня 3 (28 м2) со своим с/у и гардеробной -отдельная постирочная комната 5 м2 (есть стиральная и сушильная машина) -4 с/у и 3 гардеробные комнаты Полностью открывающиеся окна в пол, с панорамным видом на центр Москвы (один из лучших видов в ЖК ""Скай вью"", вид от зоопарка до всех высо"
b04,cian_329284761,"Москва, Дружинниковская, 15а",475000000,4,205.0,1275,"","Предлагаются к продаже изысканные апартаменты в премиальном комплексе Sky View — воплощение современного городского комфорта и безупречного стиля. Резиденты комплекса наслаждаются инфраструктурой уровня пятизвёздочного отеля: просторная фитнес-зона и SPA-пространство площадью более 2000 м², а также тщательно отобранная коллекция авторских ресторанов, расположенных непосредственно в комплексе. Квартира отличается продуманной планировкой и высококлассной реализацией дизайнерского проекта от студии Bash Interiors. Пространство включает несколько спален, наполненных светом благодаря панорамным окн"
b04,cian_330952039,"Россия, Москва, 2-я Брестская улица, 43",25000000,1,35.0,1286,"","Квартира-студия с дизайнерским ремонтом в 3 минутах ходьбы от станции метро Белорусская. Окна выходят во двор. Тишина и уединённость в историческом центре Москвы. В подарок покупателю остаётся вся мебель и техника. Сплит-система, посудомойка, вытяжка, духовой шкаф. Полы с подогревом, электрический камин, качественная сантехника, стиральная машина. Ванная комната впечатлит вас размерами, функциональностью и красотой. Дом 1910 года находится в отличном состоянии. Установлен пассажирский лифт, а также произведена замена всех коммуникаций. Территория огорожена, наземная парковка только для жильцов"
b04,cian_331726533,"Москва, Дружинниковская улица, 18",204017394,2,73.9,1308,"","Старт продаж! Продаётся 2-комнатная квартира евроформата в клубном жилом проекте элит-класса ""Дом Спорта"". Планировка квартиры сочетает функциональность, приватность и возможность адаптации пространства под разные сценарии жизни: — Изолированная спальня с гардеробной — комфортная приватная зона для отдыха — Просторная кухня-гостиная — центр повседневной жизни, общения и приёма гостей Ключевое преимущество квартиры — выразительная гостиная зона с панорамным полукруглым остеклением. Благодаря плавной архитектуре фасада пространство приобретает мягкую геометрию, а необычная форма окон делает инте"
b04,cian_332472990,"Москва, Дружинниковская улица, 18",346763445,4,124.5,1308,"","Старт продаж! Продаётся квартира с продуманной планировкой для проживания семьи в клубном жилом проекте элит-класса ""Дом Спорта"". Свет, простор и выразительная архитектура с закруглёнными окнами формируют уникальное жилое пространство с особой атмосферой уюта и приватности в центре Москвы. Планировка квартиры позволяет адаптировать пространство под ваш стиль жизни, наполняя ее простором и свободой. — Кухня-столовая с большим количеством окон, ориентированных на юг, наполненная естественным светом в течение всего дня — Гостиная площадью 25 м², которую можно объединить с кухней для создания масш"
b04,cian_332472993,"Москва, Дружинниковская улица, 18",358697766,4,124.4,1308,"","Продаётся квартира с продуманной планировкой для проживания семьи в клубном жилом проекте элит-класса ""Дом Спорта"". Свет, пространство и редкая архитектура панорамных окон — квартира, в которой интерьер становится продолжением вида за окном. Планировка квартиры позволяет адаптировать пространство под ваш стиль жизни, наполняя ее простором и свободой. — Кухня-столовая с большим количеством окон, ориентированных на юг, наполненная естественным светом в течение всего дня — Гостиная площадью 25 м², которую можно объединить с кухней для создания масштабного пространства или изолировать для более пр"
b04,cian_324141169,"Москва, Никитский бульвар, 6/20",281295000,2,114.0,1311,"","Квартира с 1 мастер-спальней общей площадью 114 м2 расположена на 3-м этаже жилого дома ""Никитский 6"". Из окон открывается вид на Никитский бульвар, Дом союза журналистов. Планировочное решение включает панорамную кухню-гостиную, 1 мастер-спальню с личной гардеробной и ванной комнатой, а также функциональные сервисные пространства. Во всех квартирах предусмотрена высококачественная авторская отделка с кухонной мебелью, бытовой техникой и полностью оборудованными ванными комнатами. В интерьере предложены природные оттенки и натуральные премиальные материалы: дерево, различные породы камня, элем"
b04,cian_324141153,"Москва, Никитский бульвар, 6/20",379843200,3,145.2,1311,"","Квартира общей площадью 145,2 кв. м расположена на 2-м этаже жилого дома ""Никитский 6"". Из окон открывается вид на Никитский бульвар, Арбат, Дом-музей им. Н.В. Гоголя и Центральный Дом журналиста. Планировочное решение включает панорамную кухню-гостиную, 2 мастер-спальни с личными ванными и гардеробными комнатами и сервисные помещения. Во всех квартирах предусмотрена высококачественная авторская отделка с кухонными модулями, бытовой техникой и полностью оборудованными ванными комнатами. В интерьере предложены природные оттенки и натуральные премиальные материалы: дерево, различные породы камня"
b04,cian_330219711,"Москва, Никитский бульвар, 6/20",836316000,3,178.7,1311,"","Квартира с 2 мастер-спальнями общей площадью 178,7 м2 расположена на 6-м этаже жилого дома ""Никитский 6"". Из окон гостиной открывается панорамный вид на тихие Нижний Кисловский и Калашный переулки, Центральный дом журналиста. Планировочное решение включает панорамную кухню-гостиную и 2 мастер-спальни с личной гардеробной и ванной комнатой, а также функциональные сервисные пространства. Во всех квартирах предусмотрена высококачественная авторская отделка с кухонной мебелью, бытовой техникой и полностью оборудованными ванными комнатами. В интерьере предложены природные оттенки и натуральные прем"
b04,cian_324824022,"Москва, Никитский бульвар, 6/20",869022000,4,254.1,1311,"","Квартира общей площадью 254,1 кв. м расположена на 4-м этаже жилого дома ""Никитский 6"". Из окон открывается вид на Никитский бульвар, Арбат, Дом-музей им. Н.В. Гоголя и Центральный Дом журналиста. Планировочное решение включает панорамную кухню-гостиную, 3 мастер-спальни с личными ванными и гардеробными комнатами и сервисные помещения. Во всех квартирах предусмотрена высококачественная авторская отделка с кухонными модулями, бытовой техникой и полностью оборудованными ванными комнатами. В интерьере предложены природные оттенки и натуральные премиальные материалы: дерево, различные породы камня"
b04,cian_332048474,"Россия, Москва, Новинский бульвар, 13с6",60000000,4,102.3,1337,"","Престижная локация в самом сердце Москвы — здесь историческая атмосфера встречается с удобствами современного города. Тихий, ухоженный дом со всеми окнами во двор. По две квартиры на этаже, есть лифт. Один собственник, без обременений, владеет с 2017 года, выписка до сделки. Согласно проекту в квартире: четыре изолированные комнаты, кухня, прихожая, раздельный санузел и небольшое подсобное помещение. Рядом вся инфраструктура для жизни: престижные школы (в т.ч. с углублённым изучением иностранных языков) и билингвальные детские сады, многопрофильные клиники, стоматологии, фитнес-клубы, включая "
b04,cian_326693633,"Москва, Дмитровка Б. ул., д. 9",140000000,2,59.0,1345,"","Лот: 102298. Эксклюзивно в продаже только у NF GROUP. В продаже апартамент с дизайнерской отделкой в особняке ""Свет"" клубного комплекса класса de luxe ""Большая Дмитровка IX"", расположенного в самом центре Москвы, в пешей доступности от Красной площади. Пространство сочетает современную архитектуру, премиальные материалы и тщательно подобранные предметы мирового дизайна, создавая стильную городскую резиденцию для комфортной жизни. Интерьер выполнен в современной эстетике и частично меблирован знаковыми предметами ведущих мировых брендов. В гостиной установлен культовый диван B&B Italia, барные "
b04,cian_328026696,"Россия, Москва, улица Большая Дмитровка, 9с1",143000000,2,55.1,1345,"","В историческом районе Москвы, в жилом комплексе Большая Дмитровка IX, представляем вашему вниманию 2-х комнатный апартамент с премиальной отделкой. Использованы только высококачественные натуральные материалы, а вся техника от известного бренда Miele. Апартамент отличается продуманной планировкой: здесь имеется ванная комната с окном и отдельный гостевой санузел с душевой кабиной. Установлены современные системы вентиляции и кондиционирования, а также система ""умный дом"", что обеспечивает максимальный комфорт. Частично меблированный апартамент полностью готов к проживанию. На огороженной зелен"
b04,cian_330666346,"Россия, г. Москва, Дмитровка Б. ул., д. 9, стр. 1",310000000,2,81.8,1345,"","207907 ЖК Большая Дмитровка IX В объекте завершен дизайнерский ремонт. Продуманная инженерия, натуральный камень, паркет. Сантехника, мебель и техника - исключительно премиальные бренды. Высота потолков более 4 м. В апартаменты отдельный вход, который позволяет забыть про лифты и общие холлы. Планировка включает просторную кухню-гостиную, мастер спальню со своим санузлом и гардеробной, гостевой санузел с постирочной. В апартаментах никто не жил. Они полностью укомплектованы и готовы к проживанию. Экосистема Kalinka недвижимость для счастья. Участник ассоциации AREA"
b04,cian_332152698,"Россия, Москва, Малая Грузинская улица, 12",24000000,2,43.9,1347,"","Квартира в одном из лучших и желанных районов Москвы! Здесь Вы не переплачиваете за чужой ремонт и мебель, а создадите пространство по своему вкусу. Состояние квартиры на фото. Один взрослый собственник, без обременений. Зарегистрированных нет. Полная стоимость в ДКП. Быстрый выход на сделку."
b04,cian_328220814,"Москва, Петровка улица, д. 28стр1",120000000,3,120.4,1352,"","Лот: 106628. В продаже квартира с отделкой в реконструированном историческом особняке ""Петровка, 28"" - клубном доме на 10 квартир на Бульварном кольце. Планировка: - кухня-гостиная, - спальня и кабинет (или вторая спальня), - две просторные ванные комнаты, - гардеробная. Высота потолков - 3,2 м. В квартире выполнена отделка, пространство меблировано. Встроенная кухня оснащена всей необходимой бытовой техникой. В доме предусмотрены наземный паркинг на закрытой территории, на первом этаже расположен ресторан с витринными окнами. Есть возможность получения резидентного разрешения на парковку. Дом"
b04,cian_332956583,"Москва, Петровка улица, д. 28стр1",120000000,3,120.4,1352,"","Лот: 113788. В продаже квартира с отделкой в реконструированном историческом особняке ""Петровка, 28"" - клубном доме на 10 квартир на Бульварном кольце. Планировка: - кухня-гостиная, - спальня и кабинет (или вторая спальня), - две просторные ванные комнаты, - гардеробная. Высота потолков - 3,2 м. В квартире выполнена отделка, пространство меблировано. Встроенная кухня оснащена всей необходимой бытовой техникой. В доме предусмотрены наземный паркинг на закрытой территории, на первом этаже расположен ресторан с витринными окнами. Есть возможность получения резидентного разрешения на парковку. Дом"
b04,cian_331518334,"Москва, Электрический пер., д. 10",80000000,2,58.4,1359,"","Лот: 112980. В продаже квартира с дизайнерской отделкой в камерном жилом доме, отличающемся выразительной архитектурой и высоким качеством строительства. Пространство сочетает элегантную современную эстетику, приватность и готовность к комфортному проживанию без дополнительных вложений. Планировка: - элегантный холл, - просторная гостиная, - функциональная кухня, - мастер-спальня, - дополнительная комната, которую можно использовать как кабинет или детскую, - постирочная и санузел с отделкой натуральным мрамором. Высота потолков - 3,2 м. Интерьер выполнен с использованием дорогих пород дерева,"
b04,cian_331364269,"Москва, г. Москва, ул. Новый Арбат, д. 15",56500000,3,56.2,1367,"","Лот: 229374 Шикарные апартаменты с дизайнерской отделкой, полностью меблированные! Удачное зонирование пространства: большая кухонно-гостевая зона, встроенная кухня, встроенные: холодильник, морозильник, стиральная машина с сушкой, система индивидуального кондиционирования в каждой комнате, регулированная система отопления, очистка воды до родниковой. Две спальни с полностью оборудованными сан узлами, встроенные шкафы, гардеробная, балкон. Два полностью оборудованных сан узла. Высота потолков 3,5 метра. Панорамные окна с потрясающими видами на Старый Арбат, МИД, памятник Петру I, Кремль, Храм "
b04,cian_331607422,"Москва, Москва, улица Новый Арбат, 15",63000000,2,64.0,1367,"","Есть адреса, которые не продаются — они выбираются. Новый Арбат, 15 — один из них. Центр Москвы, где статус измеряется не метрами до метро, а видом из окна и ощущением пространства. Апартаменты 64 м² | 12 этаж из 26 — 2 изолированные комнаты — Кухня 10 м² — Лоджия + балкон — Панорамное остекление — Потолки 4,5 метра — редкое ощущение воздуха и масштаба в центре города — Современная отделка в спокойной, премиальной эстетике Пространство, в которое не нужно въезжать с ремонтом — сюда заезжают жить. Почему этот объект выделяется: — Один из самых престижных адресов Москвы — Панорамные виды на цент"
b04,cian_328662371,"Москва, Большой Тишинский пер., 30/44с1",217000000,3,141.0,1391,"","Эксклюзив Whitewill. Квартира площадью 141 м² с двумя спальнями и кабинетом расположена на четвертом этаже клубного дома премиум-класса Фантастик Хаус. Выполнена дизайнерская отделка в современном стиле. Квартира укомплектована встроенной бытовой техникой ASKO и мебелью, изготовленной на заказ. Сантехника представлена итальянским брендом Agape. Установлена приточно-вытяжная система вентиляции и увлажнения воздуха. Функциональная планировка включает просторную кухню-гостиную с обеденной зоной, мастер-спальню с собственной ванной комнатой с окном и гардеробной, вторую спальню со своим санузлом и"
b04,cian_332397108,"Россия, Москва город, улица Садовая-Каретная, дом 20, строение 2",45000000,2,65.4,1413,"","Продаётся квартира с современным дизайнерским ремонтом в историческом центре Москвы. Стены выложены из кирпича, не окрашены. Красивый подъезд со смотровыми окнами. Все окна квартиры выходят во двор. Планировкой пространство зонировано: кухня-гостиная, гостевой санузел с душем, кладовая, мастер-спальня с гардеробной и ванной комнатой. Квартира полностью меблирована и оснащена бытовой техникой. Въезд во двор под шлагбаум. Рядом театры, сад Эрмитаж, множество прогулочных маршрутов, кафе и ресторанов. Квартира реализуется как арендный бизнес. На момент продажи в ней проживают арендаторы по действу"
b04,cian_332402059,"Россия, Москва город, улица Садовая-Каретная, дом 20, строение 2",55000000,3,80.0,1413,"","80 м² | потолки 3 м | центр Москвы Цветной бульвар — пешком Спальня с двуспальной кроватью, шкаф, гардеробная зона Вторая комната — кабинет / детская / спальня Множество гардеробных зон в квартире Ванная с душевой, биде и зоной прачечной Кухня-гостиная с обеденной группой Закрытый двор Рядом сад Эрмитаж Лучшие кафе и рестораны вокруг Тихо, уютно, статусно Квартира реализуется как арендный бизнес. На момент продажи в ней проживают арендаторы по действующему договору аренды, который сохраняет силу при смене собственника"
b04,cian_331940205,"Москва, Новинский б-р., 11",63000000,3,80.0,1416,"","Предлагается просторная трёхкомнатная квартира в центре Москвы. Доходный дом был построен в 1912 году по заказу князя Щербатова. Здание относится к стилю русского неоклассицизма и имеет статус объекта культурного наследия федерального значения. Проект здания был удостоен первой премии и золотой медали конкурса лучших построек, проведённого городской управой в 1914 году. Планировка: - 2 спальни - просторная гостиная - отдельная кухня - гардеробная - совмещённый с/у Высокие потолки - 3.2 м. Качественный дизайнерский ремонт. Вся техника и мебель премиальных брендов остаётся новому собственнику. Б"
b04,cian_331356491,"Москва, Электрический переулок",74080000,1,46.0,1427,"","Квартира площадью 45,7 кв.м. Панорманые окна просторной кухни-гостиной и спальни обращены на пруд с парящей террасой. ""Тишинский бульвар"" - тихий зелёный элитный квартал с собственным просторным зелёным парком в окружении уютных улочек с их камерной спокойной атмосферой. ""Тишинский бульвар"" находится в престижном историческом районе центра Москвы. Название местности не случайно произошло от слова ""тишина"": жилые улочки, окружающие элитный квартал, создают атмосферу уюта и позволяют отдохнуть от шума и суеты мегаполиса. В 450 метрах от ""Тишинского бульвара"" расположен собор Непорочного Зачатия "
b04,cian_330820490,"Россия, Москва, Лихов переулок, 2/3с2",36000000,2,46.1,1448,"","Номер лота: 101297. Для комфортной жизни. С высоким арендным и инвестиционным потенциалом! Идеально подходит для тех, кто ценит красоту исторического центра и любит спокойный темп жизни. В центре Москвы высокий ритм шумного и динамичного мегаполиса задают транспорт, поток людей и плотная застройка. При этом внутри кварталов остаются почти незаметные пространства — тихие дворики за арками и в глубине переулков. Там меньше шума, больше воздуха и ощущение приватности, камерности и даже безмятежности. Жить в самом центре Москвы в тихом переулке — это всегда привилегия. А стоит выйти из переулка, и"
b04,cian_331356640,"Москва, Электрический переулок",144430000,3,96.0,1463,"","Просторная светлая квартира площадью 96,2 кв.м. Из панорамных окон открывается вид на красивый двор-парк с ландшафтным дизайном и вечерней подсветкой. Продуманная планировка позволяет разместить три спальни. Приватная мастер-спальня с собственной гардеробной и ванной, а гостевой санузел с постирочной сделают квартиру особенно функциональной. ""Тишинский бульвар"" - тихий зелёный элитный квартал с собственным просторным зелёным парком в окружении уютных улочек с их камерной спокойной атмосферой. ""Тишинский бульвар"" находится в престижном историческом районе центра Москвы. Название местности не сл"
b04,cian_332658155,"Москва, Арбат район, Новый Арбат ул., д.34",26990000,2,40.8,1465,"","Арт. 140821349 Существенная благодарность агенту покупателя! Инвестиционно привлекательный объект на Новом Арбате. 8 минут пешком до м. Смоленская. Посуточная сдача такой квартиры может принести среднем 11 000 руб./сутки. Тихая дизайнерская квартира. Никто не жил, ремонт делался для себя с использованием дорогостоящих материалов. Тихий зеленый оазис в самом сердце исторической Москвы! Предлагаем вашему вниманию эксклюзивную двухкомнатную квартиру с авторским дизайном, полностью готовую для комфортной жизни или высокодоходной аренды. Абсолютно тихая и уютная квартира, две изолированные комнаты!"
b04,cian_326934423,"Москва, Колобовский 1-й пер., 8",55000000,3,77.0,1477,"","К покупке предлагается 3-х комнатная, светлая квартира в кирпичном доме, с высокими потолками - 3,2 м. Дом расположен в легендарном историческом центре Москвы с современной развитой инфраструктурой. Текущей планировкой предусмотрено: - гостинная; - 2 изолированные спальни; - прихожая; - 2 с/у - ванная комната ; Парковка во дворе, под шлагбаумом. Великолепное расположение. Исторический центр города. Все рядом — в пешей доступности: театры, музеи, школы, магазины, рестораны, прогулочные зоны. Отличная транспортная доступность В нескольких минутах ходьбы станции метро: Трубная, Цветной бульвар. 1"
b04,cian_312875308,"Москва, улица Новый Арбат, 32",101365000,1,106.7,1479,"","Продаются 1-комнатные апартаменты в сданном доме (Новый Арбат, 32), срок сдачи: IV-кв. 2013, общей площадью 106.7 кв.м., на 6 этаже. Расположение, транспортная доступность ЖК ""Звёзды Арбата"" воплощает в себе новую для рынка недвижимости идею - сочетание гостиничного сервиса с жилыми апартаментами. ЖК был сдан в 2013 году. Живя в таком комплексе, жильцы пользуются инфраструктурой роскошного отеля Marriott: могут позавтракать блюдами, приготовленными поваром ресторана отеля, посетить фитнес-зал и SPA-центр отеля. Такой стиль жизни избавит от домашних забот и позволит тратить время на бизнес или "
b04,cian_312875382,"Москва, улица Новый Арбат, 32",999999000,4,415.8,1479,"","Продается видовой пентхаус с террасой в сданном доме (Новый Арбат, 32), срок сдачи: IV-кв. 2013, общей площадью 415.8 кв.м., на 13 этаже. ЖК ""Звёзды Арбата"" воплощает в себе новую для рынка недвижимости идею сочетание гостиничного сервиса с жилыми апартаментами. Инфраструктуру района смело можно охарактеризовать как идеальную. Здесь очень много магазинов, ресторанов класса ""люкс"". Расположение ЖК можно назвать стратегическим с учетом его соседства с бизнес-центрами, офисами крупных коммерческих и государственных организаций, иностранными посольствами. В минуте ходьбы работает ТЦ ""Сфера"" с бути"
b04,cian_330804673,"Москва, Москва городской округ, г Москва, Садовая-Каретная ул, 24/7",24705000,3,61.0,1492,"","Номер объекта: 18383. Продажа уникальных апартаментов 61 кв.м. у метро Цветной Бульвар, три комнаты, первый этаж, три окна, полная свобода для вашего ремонта. Это очень экономичный вариант для тех, кто ценит центр Москвы, готов вложить силы в преображение жилья и получить стильное пространство с характером, а не типовую квартиру. Объект полностью под ремонт и требует вложений, но один взрослый собственник-физлицо обеспечивает чистоту сделки без лишних рисков. Апартаменты расположены на первом этаже в жилом трехэтажном доме, что дает уникальную возможность создать пространство с отдельным входо"
b05,cian_327639229,"Москва , Никольская ул, 10/2стр2Б",3480000,3,124.7,,"","Номер объекта: 559606. Изысканный 3-комнатный апартамент площадью 124.7 кв.м в жилом комплексе St. Nickolas, расположенном в 8 минутах пешком от Красной площади. В апартаменте выполнена дорогая отделка в стиле современной классики с использованием премиальных материалов: натуральный камень, паркет из ценных пород дерева, люксовый текстиль. Апартамент полностью меблирован и укомплектован бытовой техникой мировых брендов. Функциональное планировочное решение: просторная гостиная с зоной кухни-столовой, 2 спальни с гардеробными и санузлами, гостевой санузел, прихожая с вместительным гардеробом. В"
b05,cian_328541004,"Россия, Москва, улица Артюхиной, 6к2",4699000,1,14.7,,"","Описание Продается Студия-Мастерская-лофт. Это отдельное помещение со своим кадастровым номером -77:04:0004001:12851 (это не доля, а отдельное помещение). Студия полностью готова к эксплуатации, возможна продажа с установленной стиральной машиной (цены от производителя, установка стиралки и сборка мебели для покупателя бесплатная). Студия находится в 8 минутах пешком от метро Текстильщики и жд/платформы Текстильщики. Одна из лучших цен по Москве. Студия отлично подойдет для инвестиционных целей, студия расположена на 5-м этаже в 5-ти этажном кирпичном здании (в здании есть мансардный этаж поэт"
b05,cian_317410376,"Москва, Сретенский бульвар 6/1с1",5000000,3,231.0,,"","Роскошная квартира площадью 231 м² эксклюзивного формата в доходном доме ""Дом Россия"" в самом центре Москвы на Сретенском бульваре, 6 Интерьер квартиры вызывает восторг, неповторимый стиль и эстетика в каждой детали. 231 м² творческого пространства с высокими потолками 3,8 м; предметы мебели изготовлены на заказ, которые гармонично сочетаются с винтажными элементами декора, мрамора в санузлах, красного дерева в кабинете, шелковые обои в спальне, гобелен 18 века, антикварные люстры, все это создает изысканную роскошь; паркетная доска, трехметровые двери; установлена приточно-вытяжная вентиляция"
b05,cian_331116854,"Россия, Москва, улица Артюхиной, 6к2",5799000,1,19.3,,"","Продается Студия-Мастерская-лофт. Это отдельное помещение со своим кадастровым номером -77:04:0004001:12867 (это не доля, а отдельное помещение). В студии можно сделать отдельное помещение для приготовления пищи. Студия полностью готова к эксплуатации, возможна продажа с установленной стиральной машиной (цены от производителя, установка стиралки и сборка мебели для покупателя бесплатная). Студия находится в 8 минутах пешком от метро Текстильщики и жд/платформы Текстильщики. Одна из лучших цен по Москве. Студия отлично подойдет для инвестиционных целей, студия расположена на 5-м этаже в 5-ти эт"
b05,cian_327489583,"Россия, Москва, Подъёмная улица, 14с25",6300000,1,21.0,,"","Номер в базе: 11955130. Продается двухуровневый апартамент-лофт в современном жилом комплексе ""Подъемная"" по адресу: ул. Подъемная, д. 14, корп. 25. Объект находится в отличном состоянии, приобретен в новом доме в 2021 году, стены недавно окрашены, все инженерные системы исправны. Фактическая полезная площадь составляет 21 кв. м за счет второго уровня, при этом официальная площадь 11,6 кв. м определяет низкую ежемесячную квартплату около 4 тысяч рублей. Высота потолков 5,8 метра создает ощущение простора, а планировка включает большую гардеробную. Комплекс расположен на закрытой охраняемой тер"
b05,cian_332007656,"Россия, Москва, Митинская улица, 16",10800000,1,29.5,,"","Прошу не беспокоить агентства и риелторов. Продаются светлые и полностью меблированные апартаменты площадью 29,5 м² в современном апарт-комплексе YES Митино. 23 этаж из 24 — одно из главных преимуществ объекта. Из окон открывается красивый панорамный вид на парк и город без ощущения окна в окна. Преимущества квартиры * полностью готова к проживанию или сдаче в аренду; * остается вся мебель и техника; * удобная функциональная планировка; * кондиционер; * просторная зона кухни-гостиной со спальным местом; * совмещенный санузел; * большие системы хранения; * высокие потолки; * хорошие видовые хар"
b05,cian_329897666,"Россия, Москва, Домодедовская улица, 4",11000000,1,32.0,,"","Номер в базе: 12513932. Предлагается к продаже уникальные двухуpoвневые апартaменты в шагoвой дocтупнocти oт мeтро. ДОКУМЕНТЫ: - 1 взрослый собственник, более 5 лет. - Полная стоимость в договоре. - Квартира продается первым и единственным собственником. - Квартира подходит под ипотеку, поможем с одобрением и получением низкого %. КВАРТИРА: - 6 этаж/6. - Общая площадь: 32кв. м. Площадь первого уровня -20м. - Высокие потолки, 4м. - Современный дизайнерский ремонт, выполненный из качественных материалов. - Остается мебель и техника, квартира полностью готова к проживанию. ДОМ: Апарт-комплекс Аэр"
b05,cian_331199747,"Россия, Новомосковский административный округ, посёлок Фабрики имени 1 Мая, 46",11200000,2,40.0,,"","Номер в базе: 13158270. Продается уютная двухкомнатная квартира площадью 40 кв. м в кирпичном доме, построенном в 1967 году. Квартира расположена на 2 этаже 5-этажного здания. Жилая площадь составляет 26 кв. м, а кухня — 8 кв. м. Высота потолков — 2,5 метра. Окна выходят во двор, что гарантирует тишину и спокойствие. В квартире сделан косметический ремонт, что позволяет вам сразу въехать и жить с комфортом. Планировка включает в себя одну совмещенную ванную комнату и один балкон, где можно наслаждаться чашечкой утреннего кофе. Дом в хорошем состоянии, благодаря кирпичной кладке, а это значит, "
b05,cian_332661069,"Москва, Сокольники район, г., Сокольники, Рыбинская 2-я ул., д.13",12200000,1,28.6,,"","Арт. 140825763 Продается 1-комн. апартамент в резеденции ""Loft Garden"". Самый необычный лофт в доме выполнен в стиле Английский Арт. Лофт также подойдет для сдачи под аренду, а наличие всех благ внутри ускорит процесс реализации помещения. Если захотите оставить всю мебель и обстановку - обсуждается. Вид из окна на внутренний озелененный двор с большим количеством кустарников и ненавязчивого декоративного освещения вдоль дорожек и деревьев. Резиденция Loft Garden - это проект реконструкции исторического здания вблизи парка Сокольники, с закрытой охраняемой территорией, имеющий собственный выез"
b05,cian_328426157,"Монтажная улица, 8вл1, Москва, 107497",12300000,1,28.9,,"","Отделка Без отделки Продается просторная ВИДОВАЯ квартира на 32 этаже современного жилого комплекса 1-й Измайловский. Идеальный вариант для тех, кто планирует будущее жилье или ищет надежную инвестицию в динамично развивающемся районе ВАО. О квартире: Планировка: Кухня-ниша, большая комната 13 м², высокие потолки 2,8 м. Состояние: Без отделки— вы сможете реализовать любой дизайн-проект. Технологии: Установлена система Умный дом. Бонус: Остекленный балкон, который можно превратить в лаунж-зону. О жилом комплексе: Современный проект комфорт-класса с закрытой территорией. Безопасность: Закрытый д"
b05,cian_329528162,"Россия, Москва, Ботаническая улица, 41к7",12600000,1,35.0,,"","Номер в базе: 12606473. В продаже — стильная двухуровневая студия, которую превратили в настоящие полноценные апартаменты с двумя этажами. Главная фишка — потолки 4,5 метра, и на первом этаже организована зона второго света, так что пространство ощущается как в дорогом лофте. Ремонт делали для себя, свежий, дизайнерский, закончили в апреле 2022 года. Вся мебель и техника — новые, всё уже есть, заезжай и живи. Общая площадь — 35 квадратов. Первый этаж (20 м², потолки 2,2 м + зона второго света 7 м² с высотой 4,5 м): Тёплый пол работает по всему нижнему уровню — очень комфортно. Вход начинается "
b05,cian_332726391,"Россия, Москва, улица Чистова, 24",12875000,1,35.0,,"","Номер в базе: 13668420. Продаётся квартира в тихом, зелёном районе по адресу: ул. Чистова, д. 24. Высокий первый этаж, кирпичный дом, который держит тепло даже в холода, большие окна, просторная кухня и высокие потолки. Продумана шумоизоляция, установлена новая газовая плита. Во дворе — две современные детские площадки и достаточно парковочных мест, а сам дом расположен в глубине квартала, вдали от магистралей, поэтому здесь действительно тихо. Окна выходят на ухоженный палисадник с цветами — настоящий подарок для любителей природы и спокойствия. Рядом — музей-заповедник ""Кузьминки-Люблино"", г"
b05,cian_331151858,"Москва, Новомосковский административный округ, район Внуково, микрорайон Переделкино Ближнее, 18-й квартал",13923523,1,36.1,,"","Продается однокомнатная квартира в 18 квартале города-парка ""Переделкино Ближнее"". Общая площадь квартиры - 36,1 кв. м, этаж 3 из 17. Срок сдачи - 2 квартал 2027 года. Тип дома - монолитный. ТОЛЬКО ДО 31 АВГУСТА выгодные условия на приобретение квартиры в ипотеку или рассрочку. Звоните - и мы подберем оптимальное предложение под ваш запрос! Корпус состоит из 12 секций c переменной этажностью 8-17 этажей. Город-парк ""Переделкино Ближнее"" расположен в 8 км от МКАД по Боровскому шоссе. ТРАНСПОРТНАЯ ДОСТУПНОСТЬ: - 10 минут пешком до МЦД-4 ""Мичуринец"" - 14 минут на машине до станции метро ""Филатов "
b05,cian_331003361,"Москва, Новомосковский административный округ, район Внуково, микрорайон Переделкино Ближнее",13981979,1,38.5,,"","Продается однокомнатная квартира в городе-парке ""Переделкино Ближнее"". Общая площадь квартиры - 38,5 кв. м, этаж 6 из 12. Срок сдачи - 1 квартал 2028 года. Тип дома - монолитный. ТОЛЬКО ДО 31 ИЮЛЯ выгодные условия на приобретение квартиры в ипотеку или рассрочку. Звоните - и мы подберем оптимальное предложение под ваш запрос! Корпус расположен в 13 квартале строительства и состоит из 8 секций с переменной этажностью 12-17 этажей. Все секции без отделки. Около 13 квартала запланировано строительство многоуровневого паркинга на 300 м/мест. 13 квартал имеет уникальное расположение и находится неп"
b05,cian_330139879,"Россия, Новомосковский административный округ, посёлок Коммунарка, улица Александры Монаховой, 98к1",14100000,1,46.6,,"","Номер в базе: 12779290. Продается Евро-2 квартира в ЖК ""Бунинские Луга"", Новая Москва. Изолированная спальня, просторная кухня-гостиная с панорамными окнами, потолки 3 м, качественный ремонт. Высокий первый этаж обеспечивает комфорт и приватность без ощущения близости прохожих. Закрытый двор, школа и детский сад через дорогу, магазины, поликлиники и вся инфраструктура в шаговой доступности. До метро Потапово — 20 минут пешком. Отличный вариант для жизни или сдачи в аренду. Помощь в одобрении ипотеки. Звоните и записывайтесь на просмотр! Код пользователя: 204694"
b05,cian_332004094,"Москва, Богородское район, Подбельского 3-й проезд., д.18, к.А",14500000,1,36.0,,"","Арт. 138772909 Просторная однушка с высокими потолками в кирпичном доме. Школа во дворе Функциональная планировка: жилая комната 20 м² кухня - 9 м² раздель санузел высота потолков 3,3м Документы Один взрослый собственник Основание: ДКП Собственник не в браке Никто не зарегистрирован Свободная продажа Локация Дом расположен в районе с развитой инфраструктурой. В шаговой доступности находятся школы, детские сады, клиники и магазины, поэтому все необходимое для комфортной жизни всегда под рукой. До метро ""Бульвар Рокоссовского"" всего 10 минут пешком, что идеально для тех, кто ценит свое время и п"
b05,cian_330773397,"Россия, Москва, 7/1",14900000,1,34.7,,"","Номер в базе: 12946501. У меня уже есть покупатель НА ЗАДАТКЕ! Прoдаётcя однoкомнатнaя квaртиpa в coврeмeннoм жилoм комплeксe Бунинские Квaрталы в районе Коммунарка, Москва. Площадь квартиры составляет 34.7 кв. м, из которых 12.3 кв. м жилая площадь и 12 кв. м отведено под кухню. Квартира расположена на 5 этаже 18-этажного дома. Высокие потолки (2.99 метра) по бетону. Окна выходят на улицу, что обеспечивает хорошую освещенность в течение дня. Квартира с только что законченным ремонтом. Совмещенный санузел и наличие лоджии добавляют удобства и функциональности пространству. Дом оборудован как п"
b05,cian_332948855,"Москва, Автомобильный проезд, 4к5",15000000,1,32.0,,"","Id 66712. ПРЕМИУМ РЕМОНТ Вашему вниманию квартира с дизайнерским ремонтом из лучших материалов отделки! О квартире: - просторная спальня - высокие потолки - большое пространство для хранения - отличные виды - материалы отделки - кварцевый паркет, сланец на стене, анти-вандальная мебель - кухня - Плита, духовка и посудомойка - Maunfeld, холодильник - Asko - качественная разводка и коммуникации О комплексе: NICE LOFT — готовый апарт-комплекс бизнес-класса на границе с ЦАО. Проект выделяется современной архитектурой, продуманными общественными пространствами, системой безопасности и собственной и"
b05,cian_332127372,"Россия, Москва, Родниковая улица, 9А",15390000,1,36.7,,"","В продаже квартира в современном жилом комплексе от Capital Group — девелопера, известного своими масштабными проектами, включая объекты в районе Москва-Сити. Это пространство создавалось для личного проживания — с вниманием к качеству, материалам и ежедневному комфорту. Здесь нет компромиссов: квартира полностью готова к жизни, не требует дополнительных вложений и продаётся с мебелью и техникой. Главное преимущество — 16 этаж с открытым панорамным видом, который особенно впечатляет с лоджии. Квартира имеет 36.7 фактических кв. м включая лоджию. Благодаря высоким потолкам 2,80 м квартира напол"
b05,cian_331121843,"Москва, Шенкурский проезд., 10Б",15600000,2,44.7,,"","Предлагаем вашему вниманию 2-комнатную квартиру на 7 этаже в 7 минутах ходьбы от метро Алтуфьево в спальном и очень зеленом районе с богатой и состоявшейся инфраструктурой. Идеально подойдет для семейной жизни: все, что нужно, находится в радиусе до 900 м без пересечения оживленных дорог: школы, детские сады, современные взрослая и детская поликлиники. КВАРТИРА: - Общая площадь - 44,7 м2, комнаты: 27,5 м2 (17,2 и 10,3); - Линейная планировка, изолированные комнаты; - Кухня - 6 м2; - Кухонная плита - электрическая (дом без газа); - Санузел раздельный; - Высокие потолки - 2,64 м; - Окна - на Зап"
b05,cian_315116246,"Москва, улица Намёткина, вл10",15601820,1,29.9,,"","Продаются 1-к апартаменты площадью 29.9 кв.м. на 23-м этаже 29 этажного дома в ""Наметкин Тауэр"" от ГК ОСНОВА. Наметкин Тауэр - комплекс бизнес-класса с премиальным обслуживанием, располагается в районе Черёмушки на Юго-Западе Москвы. Архитектура — от известного бюро Mecanoo (Нидерланды). Комплекс включает 4 секции переменной этажности 24 - 29 этажей и предлагает все преимущества бизнес-класса: двухуровневый подземный паркинг (2 этажа), панорамные окна и высокие потолки, дизайнерские лобби, продуманные общественные пространства, обширную собственную инфраструктуру - ресторан, супермаркет, медце"
b05,cian_324423149,"Россия, Москва, Нижегородская улица, 32с3",15850000,1,40.0,,"","О ДОМЕ: ЖК ""LOFT FM"", авторский дизайнерский ремонт с сохранением исторических кирпичных стен и мозаики в местах общего пользования. Панорамные окна, открытые балки, стилизованное освещение — лофт с характером, наземная гостевая и подземная парковка (въезд по магнитному ключу), консьерж-сервис, круглосуточная охрана, видеонаблюдение в общественных зонах, доступ — только по магнитным картам, келлеры для хранения сезонных вещей, уютный внутренний двор с продуманными зонами отдыха. Фитнес-зона - тренажёрный зал на цокольном этаже (бесплатный для собственников и жильцов). АПАРТАМЕНТЫ: Расположены "
b05,cian_332123766,"Москва, Новомосковский административный округ, район Внуково, микрорайон Переделкино Ближнее",15868253,2,39.8,,"","Продается двухкомнатная квартира в городе-парке ""Переделкино Ближнее"". Общая площадь квартиры - 39,8 кв. м, этаж 11 из 17. Срок сдачи - 1 квартал 2028 года. Тип дома - монолитный. ТОЛЬКО ДО 31 АВГУСТА выгодные условия на приобретение квартиры в ипотеку или рассрочку. Звоните - и мы подберем оптимальное предложение под ваш запрос! Корпус расположен в 13 квартале строительства и состоит из 8 секций с переменной этажностью 12-17 этажей. Все секции без отделки. Около 13 квартала запланировано строительство многоуровневого паркинга на 300 м/мест. 13 квартал имеет уникальное расположение и находится"
b05,cian_330080062,"Россия, Москва, посёлок Коммунарка, улица Липовый Парк, 7к2",16200000,1,47.0,,"","Номер лота: 101258. Просторная квартира 47 м² с потолками 3 метра. Больше, чем обычная однокомнатная квартира. Благодаря площади 47 м², просторной кухне 14 м² и правильной планировке квартиру легко адаптировать под разные сценарии жизни: от комфортного проживания пары до семьи с ребёнком. Квартира расположена на комфортном 8 этаже современного монолитно-кирпичного дома 2015 года постройки. О квартире: — общая площадь 47 м²; — просторная кухня 14 м²; — комната 21 м²; — потолки 3 метра; — лоджия; — окна во двор; — хорошая шумоизоляция благодаря монолитно-кирпичному дому. Планировка позволяет орг"
b05,cian_315116633,"Москва, улица Намёткина, вл10",16339223,2,46.1,,"","Продаются 2-к апартаменты площадью 46.1 кв.м. на 5-м этаже 29 этажного дома в ""НАМЕТКИН ТАУЭР"" от ГК ОСНОВА. Наметкин Тауэр - комплекс бизнес-класса с премиальным обслуживанием, располагается в районе Черёмушки на Юго-Западе Москвы. Архитектура — от известного бюро Mecanoo (Нидерланды). Комплекс включает 4 секции переменной этажности 24 - 29 этажей и предлагает все преимущества бизнес-класса: двухуровневый подземный паркинг (2 этажа), панорамные окна и высокие потолки, дизайнерские лобби, продуманные общественные пространства, обширную собственную инфраструктуру - ресторан, супермаркет, медцен"
b05,cian_331555846,"Россия, Москва, Автомобильный проезд, 4к4",16400000,2,56.0,,"","Номер лота: 103097. Представьте себе жизнь, где утренняя тренировка на профессиональной ледовой арене или пробежка в приватном парке плавно перетекает в успешный рабочий день благодаря быстрому выезду к Садовому кольцу. Этот статусный апартамент в готовом квартале бизнес-класса N'ICE LOFT создан для амбициозных людей, которые не привыкли идти на компромиссы между карьерой, комфортом и активным образом жизни. Высокие трехметровые потолки, обилие естественного света и бескомпромиссное качество монолитного строительства превращают это пространство в идеальный холст для воплощения премиального диз"
b05,cian_329188806,"Москва, Старобитцевская улица, 15к2",16750000,2,52.0,,"","Лот 49172555. Очень хорошая квартира распашонка для семейной пары или семьи с детьми. Хорошие и отзывчивые соседи. В квартире сделан качественный ремонт, осталось доделать ванную комнату и туалет. В советские времена дом считался улучшенной планировки, большая кухня- 9 м2 и высокие потолки 2.75 м. Очень удобное расположение: В пешей доступности до метро""Бульвар Дмитрия Донского"", а так же рядом остановки общественного транспорта. Удобный выезд на МКАД. Район Северное Бутово очень удобный в плане ближайшей доступности школ, детских садов, поликлиник и супермаркетов, почти в каждом дворе совреме"
b05,cian_332523806,"Россия, Москва, улица Руднёвка, 18",16950000,2,55.0,,"","Предлагаем 2-комнатную квартиру с мебелью и техникой для счастливой жизни! О КВАРТИРЕ: Светлая, теплая, неугловая квартира с эргономичной планировкой общей площадью 50 кв.м., с хорошей шумоизоляцией и теплосбережением. Квартира продается с мебелью и техникой- заезжай и живи! Хороший вариант для сдачи в аренду. Расположена на 2-м этаже не зависит от лифта и высоко от земли. Стеклопакеты, кондиционер. Планировка распашонкой- всегда поток свежего воздуха и солнца ! Комнаты 17 кв. м. и 13 кв.м., кухня 10,7 кв.м. В санузле и ванной комнате кафель. Высокие потолки 2,64 м. О ДОМЕ: Дом 12-этажный 2004"
b05,cian_331797436,"Россия, Москва, Щербаковская улица, 5",17000000,2,43.4,,"","Номер лота: 97241. Продаётся светлая и перспективная 2-комнатная квартира 43,4 м² на 11 этаже панельного дома в районе Соколиная Гора, в 4-х минутах от м. Семёновская. Квартира под ремонт — отличный вариант для тех, кто хочет создать современное пространство под свои задачи, не переплачивая за чужие решения. Ключевые преимущества квартиры: * Высокие потолки 2,7 м — ощущение простора и возможности выгодной перепланировки, * Большие окна дают много естественного света в течение всего дня, * Изолированные комнаты — продуманная и удобная планировка, * 11-й этаж — красивый вид и тишина, * Чистое пр"
b05,cian_332878822,"г Москва, г Москва, ул Клинская, 2А",17173966,1,40.0,,"","id:12700. Просторная 1-к квартира с гардеробной и высокими потолками в новом ЖК! Адрес: Москва, ул. Клинская, д. 2А Параметры: Общая площадь - 42 кв.м (ориентировочно), комната - 19.3 кв.м, кухня - 9.8 кв.м. Главные преимущества квартиры: Свобода для дизайна. Квартира без ремонта (бетон/черновая отделка). Вы не переплачиваете за чужие обои и можете воплотить любой интерьерный проект с нуля. Ощущение простора. Высокие потолки визуально увеличивают пространство и дают много света. Идеальная планировка. Огромная жилая комната (19.3 кв.м) легко превращается в спальню или гостиную. Мечта хозяйки. Б"
b05,cian_323327051,"Москва, Тагильская улица, 2к1",17661164,1,38.0,,"","Продаётся просторная 1-комнатная квартира общей площадью 38 м² на 16 этаже в новом жилом комплексе ""Сиреневый парк"", расположенном в Восточном административном округе Москвы на улице Тагильская. Всего 10 минут ходьбы от станции метро ""Бульвар Рокоссовского"" и одноимённой платформы МЦК. Высококачественное монолитное строительство гарантирует сохранение тепла в доме, а наличие квартир с предчистовой и чистовой отделкой позволяет вам сэкономить время и сразу же переехать в свое жилье после покупки. Благодаря разнообразию планировок вы сможете выбрать идеальный вариант, соответствующий вашим предп"
b05,cian_331771929,"Москва, Верейская улица, 29с49",17727736,1,35.2,,"","Проектируемая станция ""Верейская"" метро в 5 мин. пешком. Продаётся 1-комнатная квартира общей площадью 35.23 м² без отделки в ЖК Веер на 21-м этаже 70 этажного дома. ВЕЕР.2 — это вторая очередь жилого комплекса бизнес-класса в престижном ЗАО, где реализована концепция 15-минутного города. Всё, что нужно для комфортной жизни, работы и отдыха, находится в шаговой доступности: офисный и спортивный кластеры, государственная рейтинговая школа 1329 и детский сад, центры творчества, ресторанный бульвар, фитнес и спа-центр с 25-метровым бассейном. • Архитектура и лобби ВЕЕР.2 — это ансамбль из четырёх"
b05,cian_332002141,"Москва, Шоссейная улица, 4Д",17778658,1,30.1,,"","В динамично развивающемся районе Москвы, всего в 300 метрах от метро и в пешей близости от нового городского порта с протяженной набережной 13 км, свободной от автомобилей, продается 1-комнатная квартира площадью 30.10 м². без отделки. Квартира находится в корпусе жилого комплекса бизнес-класса ""Адмирал"", расположенного по адресу г. Москва, ул. Шоссейная, 4Д. (Застройщик - ""Галс Девелопмент""). Новый амбициозный проект ""Адмирал"" станет частью одного из самых перспективных районов будущего - ""Сити-2"". В пешей доступности от современных башен Вас ждут живописные Люблинские пруды, 2 усадьбы с уник"
b05,cian_322201253,"Москва, Центральный административный округ, Басманный район, жилой комплекс Резиденции Архитекторов",17958306,1,40.8,,"","СКИДКИ ДО 16%! Продаются просторные 1-комнатные апартаменты общей площадью 40,8 м² на 2 этаже в сданном жилом квартале ""Резиденции Архитекторов"" вблизи с метро Электрозаводская и БКЛ Электрозаводская. Жилой квартал ""Резиденции архитекторов"" - удобный и тщательно продуманный проект для тех, кто ценит высокий уровень качества жизни. Подземный отапливаемый паркинг, разнообразная инфраструктура на первых этажах, малые архитектурные формы, ландшафтный дизайн и собственный пешеходный бульвар - здесь есть всё для яркой и комфортной жизни, работы, творчества и воспитания детей. Проект выполнен в едино"
b05,cian_332553505,"Россия, Москва, район Троицк, жилой комплекс Андерсен, улица Нильса Бора, 12",17999000,2,64.0,,"","Предлагаем уютную двухкомнатную квартиру с планировкой ""распашонки"" в ЖК Андерсен, расположенном в Новой Москве, в окружении лесных массивов. Дом кирпичный, расположен в зеленых дворах, в непосредственной близости от ухоженной набережной, лесных массивов. Благодаря панорамным окнам квартира наполнена естественным светом и представляет идеальное место для отдыха. Квартиру делали для себя, не коммерческий проект. Вся мебель, техника покупалась под себя. Мебель Икея/МOON. Объект: Планировка квартиры: -кухня гостиная; -спальня с собственной гардеробной комнатой; -спальня; -санузел с ванной; -гарде"
b05,cian_332039501,"Россия, Москва, 3-я Гражданская улица, 21",18000000,1,40.0,,"","Номер в базе: 12581072. Продается 1-комнатная квартира в ЖК ""Self"" на Преображенской Площади. Квартира сочетает в себе функциональность, ощущение простора и атмосферу сталинской архитектуры. Пространство продумано так, чтобы быть одновременно удобным для жизни и визуально лёгким. Главная особенность — грамотная организация кухни. Благодаря подвижной перегородке помещение легко трансформируется: его можно использовать как классическую кухню с отдельной рабочей зоной и уютной столовой либо открыть пространство для более свободной планировки. Площадь разделена на две полноценные зоны — 6,25 и 7 к"
b05,cian_323217232,"Москва, Тагильская улица, 2к1",18378803,1,38.9,,"","Продаётся просторная 1-комнатная квартира общей площадью 38.9 м² на 18 этаже в новом жилом комплексе ""Сиреневый парк"", расположенном в Восточном административном округе Москвы на улице Тагильская. Всего 10 минут ходьбы от станции метро ""Бульвар Рокоссовского"" и одноимённой платформы МЦК. Высококачественное монолитное строительство гарантирует сохранение тепла в доме, а наличие квартир с предчистовой и чистовой отделкой позволяет вам сэкономить время и сразу же переехать в свое жилье после покупки. Благодаря разнообразию планировок вы сможете выбрать идеальный вариант, соответствующий вашим пре"
b05,cian_324933221,"Москва, Варшавское шоссе, 141В",18384708,1,37.0,,"","Продаётся 1-комнатная квартира 37.0 кв.м. в МФК ""Варшавские ворота"" на 7-м этаже 30 этажного дома. МФК ""Варшавские ворота"" — это точка баланса между природой и городом, стилем и функциональностью, жизнью сегодня и устойчивым будущим. Коротко о важном: - Дом сдан! Идет выдача ключей! - 1 минута пешком от м. Аннино; - Удобные выезды на Варшавское шоссе и МКАД; - Высота потолков 2,7 - 3 м; - Закрытый двор-парк; - Школы и детские сады в 10-15 минутах пешком от дома; - Технические лоджии для размещения кондиционеров; - Подземный паркинг; - РГ-Девелопмент — ТОП-20 крупнейших застройщиков Москвы. Про"
b05,cian_331230489,"Москва, Верейская улица, 29с49",18391195,1,35.5,,"","Проектируемая станция ""Верейская"" метро в 5 мин. пешком. Продаётся 1-комнатная квартира общей площадью 35.47 м² без отделки в ЖК Веер на 2-м этаже 70 этажного дома. ВЕЕР.2 — это вторая очередь жилого комплекса бизнес-класса в престижном ЗАО, где реализована концепция 15-минутного города. Всё, что нужно для комфортной жизни, работы и отдыха, находится в шаговой доступности: офисный и спортивный кластеры, государственная рейтинговая школа 1329 и детский сад, центры творчества, ресторанный бульвар, фитнес и спа-центр с 25-метровым бассейном. • Архитектура и лобби ВЕЕР.2 — это ансамбль из четырёх "
b05,cian_320819818,"Москва, Тагильская улица, 2к1",18641503,2,42.4,,"","Продаётся просторная 2-комнатная квартира общей площадью 42.4 м² на 17 этаже в новом жилом комплексе ""Сиреневый парк"", расположенном в Восточном административном округе Москвы на улице Тагильская. Всего 10 минут ходьбы от станции метро ""Бульвар Рокоссовского"" и одноимённой платформы МЦК. Высококачественное монолитное строительство гарантирует сохранение тепла в доме, а наличие квартир с предчистовой и чистовой отделкой позволяет вам сэкономить время и сразу же переехать в свое жилье после покупки. Благодаря разнообразию планировок вы сможете выбрать идеальный вариант, соответствующий вашим пре"
b05,cian_314882376,"Москва, Автозаводская улица, 24к1",18674761,1,36.6,,"","Продается просторный лот с 1 спальней без отделки от застройщика в Доме на набережной Инсайдер. Сервисные лоты с системой ""умный дом"" на первой линии Москвы-реки. Лот расположен на 2 этаже в секции 1.2. Европланировка, просторная кухня-гостиная. В лоте 4 панорамных окна в пол с видами на набережную Москвы-реки. Отельный сервис от управляющей компании. Инсайдер - комплекс бизнес-класса, расположенный в Даниловском районе на Юге Москвы на набережной Москва-реки. Архитектура от известного бюро Цимайло, Ляшенко и партнеры. Комплекс включает 3 секции переменной этажности до 16 этажей и предлагает в"
b05,cian_327760481,"Россия, Москва, Волгоградский проспект, 32/5к3",19000000,1,37.3,,"","Номер лота: 99658. Будьте на высоте! Видовые апартаменты на 26 этаже. Отделка white box. Вы экономите на стоимости ремонта. Качественный монолитный дом бизнес-класса от известного застройщика. Высокие потолки создают пространство. Большая кухня-гостиная с панорамным окном. Насладитесь ночными видами Москвы за чашкой чая. В ЖК уже сформирована комфортная среда для жизни (магазины, кафе, сфера услуг). Инфраструктура: Отличная транспортная доступность (удобный выезд на ТТК и Волгоградский проспект). Или 7 мин пешком до метро (если вы предпочитаете общественный транспорт). Документы: Один собствен"
b05,cian_332412061,"Москва, Фестивальная улица, 29",19000000,1,30.7,,"","Лот 49535879. ЖК Фестиваль Парк. Единственная студия 30,7м в продаже в шикарном ЖК рядом с метро. Отделка требуется, всё сделаете под свой вкус. Квартира угловая, два окна - много света и высокие потолки. 1 собственник, наследство по закону от сына матери, больше 3 лет. Агент Кобзева Ольга Витаутасовна, НДВ-Супермаркет недвижимости"
b05,cian_286346554,"Москва, улица Намёткина, вл10",19028000,3,56.8,,"","Продаются 3-к апартаменты площадью 56.8 кв.м. на 2-м этаже 29 этажного дома в ""Наметкин Тауэр"" от ГК ОСНОВА. Наметкин Тауэр - комплекс бизнес-класса с премиальным обслуживанием, располагается в районе Черёмушки на Юго-Западе Москвы. Архитектура — от известного бюро Mecanoo (Нидерланды). Комплекс включает 4 секции переменной этажности 24 - 29 этажей и предлагает все преимущества бизнес-класса: двухуровневый подземный паркинг (2 этажа), панорамные окна и высокие потолки, дизайнерские лобби, продуманные общественные пространства, обширную собственную инфраструктуру - ресторан, супермаркет, медцен"
b05,cian_320819815,"Москва, Тагильская улица, 2к1",19084041,2,42.3,,"","Продаётся просторная 2-комнатная квартира общей площадью 42.3 м² на 2 этаже в новом жилом комплексе ""Сиреневый парк"", расположенном в Восточном административном округе Москвы на улице Тагильская. Всего 10 минут ходьбы от станции метро ""Бульвар Рокоссовского"" и одноимённой платформы МЦК. Высококачественное монолитное строительство гарантирует сохранение тепла в доме, а наличие квартир с предчистовой и чистовой отделкой позволяет вам сэкономить время и сразу же переехать в свое жилье после покупки. Благодаря разнообразию планировок вы сможете выбрать идеальный вариант, соответствующий вашим пред"
b05,cian_332868170,"Москва, Дмитровское шоссе",19426113,2,39.4,,"","Продаётся 2-комнатная квартира 513, площадью 39,38 м², на 25 этаже в ЖК ""Гранель Тринити"" корпус 1. Стоимость — от 19426113 руб. Квартира без отделки, планировка односторонняя, окна во двор. Квартиры комфорт-класса в жилом квартале ""Гранель Тринити"" на севере Москвы от застройщика. Жилой квартал ""Гранель Тринити"" расположен в районе Западное Дегунино на севере Москвы, в шаговой доступности от станции метро ""Верхние Лихоборы"". Локация сочетает развитую городскую инфраструктуру, удобную транспортную доступность и современные решения для комфортной жизни. Проект занимает территорию 4,86 га и вклю"
b05,cian_330598626,"Москва, ЖК Левел Звенигородская, к2",19543054,2,36.8,,"","Цена указана с учетом скидки при 100%-й оплате, несубсидированной ипотеке, субсидированной ипотеке и процентной рассрочке. Если вы являетесь агентом, зафиксируйте клиента в личном кабинете до обращения за консультацией. В жилом квартале продаётся 2-комнатная квартира площадью 36.80 кв.м без отделки. Квартира расположена на 3 этаже 64 этажного корпуса 2 в жилом комплексе комфорт+ класса Левел Звенигородская (компания Level Group/Левел групп). Отличная транспортная доступность - 5 мин. пешком до метро ""Звенигородская"" (откроется к окончанию строительства); - 18 мин. пешком до станции МЦК ""Хорошё"
b05,cian_331406801,"Москва, ЖК Левел Звенигородская, к2",19700123,1,35.6,,"","Цена указана с учетом скидки при 100%-й оплате, несубсидированной ипотеке, субсидированной ипотеке и процентной рассрочке. Если вы являетесь агентом, зафиксируйте клиента в личном кабинете до обращения за консультацией. В жилом квартале продаётся 1-комнатная квартира площадью 35.60 кв.м без отделки. Квартира расположена на 36 этаже 64 этажного корпуса 2 в жилом комплексе комфорт+ класса Левел Звенигородская (компания Level Group/Левел групп). Отличная транспортная доступность - 5 мин. пешком до метро ""Звенигородская"" (откроется к окончанию строительства); - 18 мин. пешком до станции МЦК ""Хорош"
b05,cian_332023485,"Россия, Москва, Петрозаводская улица, 24к2",19869600,1,50.0,,"","Увы, вынужден констатировать, что идеальных квартир не существует! Даже если ваш бюджет — 20 миллионов долларов, а не рублей. От количества денег меняется только форма, но содержание всегда остаётся неизменным. Меняется форма ваших потребностей и запросов, но не их содержание. Идея погони за идеалами идеальна в мире идей. Остановитесь! На секунду осознайте, где вы сейчас. Хотя нет, лучше начать с того, что такое вы, а потом уже — где. Задумывались об этом? Что и за чем гоняется? И что такое идеалы? Есть ли у них содержание? Может, всё-таки вопрос исключительно в форме, а содержание одно на всё"
b05,cian_327118182,"Москва, Большая Почтовая улица, 24",19977141,2,45.2,,"","СКИДКИ ДО 16%! Продаются просторные 2-комнатные апартаменты общей площадью 45,2 м² на 5 этаже в сданном жилом квартале ""Резиденции Архитекторов"" вблизи с метро Электрозаводская и БКЛ Электрозаводская. Жилой квартал ""Резиденции архитекторов"" - удобный и тщательно продуманный проект для тех, кто ценит высокий уровень качества жизни. Подземный отапливаемый паркинг, разнообразная инфраструктура на первых этажах, малые архитектурные формы, ландшафтный дизайн и собственный пешеходный бульвар - здесь есть всё для яркой и комфортной жизни, работы, творчества и воспитания детей. Проект выполнен в едино"
b05,cian_332799396,"Москва, Шоссейная улица, 4Д",20069285,1,35.1,,"","В динамично развивающемся районе Москвы, всего в 300 метрах от метро и в пешей близости от нового городского порта с протяженной набережной 13 км, свободной от автомобилей, продается 1-комнатная квартира площадью 35.10 м². без отделки. Квартира находится в корпусе жилого комплекса бизнес-класса ""Адмирал"", расположенного по адресу г. Москва, ул. Шоссейная, 4Д. (Застройщик - ""Галс Девелопмент""). Новый амбициозный проект ""Адмирал"" станет частью одного из самых перспективных районов будущего - ""Сити-2"". В пешей доступности от современных башен Вас ждут живописные Люблинские пруды, 2 усадьбы с уник"
b05,cian_332954036,"Москва, Дмитровское шоссе",20459704,1,42.7,,"","Продаётся 1-комнатная квартира 157, площадью 42,71 м², на 2 этаже в ЖК ""Гранель Тринити"" корпус 2. Стоимость — от 20459704 руб. Квартира без отделки, планировка односторонняя, окна во двор. Квартиры комфорт-класса в жилом квартале ""Гранель Тринити"" на севере Москвы от застройщика. Жилой квартал ""Гранель Тринити"" расположен в районе Западное Дегунино на севере Москвы, в шаговой доступности от станции метро ""Верхние Лихоборы"". Локация сочетает развитую городскую инфраструктуру, удобную транспортную доступность и современные решения для комфортной жизни. Проект занимает территорию 4,86 га и включ"
b05,cian_332041376,"Москва, ЖК Левел Звенигородская, к1",20597689,2,33.9,,"","Цена указана с учетом скидки при 100%-й оплате, несубсидированной ипотеке, субсидированной ипотеке и процентной рассрочке. Если вы являетесь агентом, зафиксируйте клиента в личном кабинете до обращения за консультацией. В жилом квартале продаётся 2-комнатная квартира площадью 33.90 кв.м с предчистовой отделкой. Квартира расположена на 4 этаже 48 этажного корпуса 1 в жилом комплексе комфорт+ класса Левел Звенигородская (компания Level Group/Левел групп). Отличная транспортная доступность - 5 мин. пешком до метро ""Звенигородская"" (откроется к окончанию строительства); - 18 мин. пешком до станции"
b05,cian_331685866,"Москва, улица Сокольнический Вал, 2Ас1",20939808,1,44.4,,"","Продаётся 1-комнатная квартира 44,35 м² в жилом комплексе Солос (бизнес-класс) рядом с парком Сокольники. Квартиру отличают панорамное остекление, потолки 3.2 м, улучшенная шумо и воздухоизоляция. Дом сдаётся в 4 квартале 2029 года, продажи проходят через эскроусчета. Подземный паркинг, коворкинг, закрытая благоустроенная территория с фонтаном и артобъектами. Гибкие условия покупки. Ключевые преимущества: — Расположение в одном из самых популярных районов старой Москвы, рядом с одним из крупнейших парков столицы — ""Сокольники"". — До парка 2 минуты пешком. — Удобный выезд на Третье транспортное"
b05,cian_332160070,"Россия, Москва, Нахимовский проспект, 31к3",21000000,2,66.7,,"","Торг реальному покупателю! Апартаменты 66.7 м² в ЖК Нахимов — свобода планировки и бизнес-класс Продается апартамент площадью 66.7 кв. м на 5-м этаже в престижном районе Черёмушки. Преимущества объекта: Свободная планировка: черновая отделка, отсутствие несущих стен внутри, высокие потолки. Вид: панорамные окна, французский балкон. Инфраструктура: в здании ТЦ (фитнес, супермаркет, кафе), подземный паркинг, 3 лифта. Транспорт: 15 минуты пешком до м. Профсоюзная/Нахимовский проспект, быстрый выезд на Ленинский пр-т и ТТК. Окружение: парк Сосенки, река Котловка, школы, детские сады и ТЦ Нахимовск"
b05,cian_332362576,"Россия, Москва, улица Металлургов, 3",21500000,3,63.4,,"","Продается уютная, просторная трехкомнатная квартира в тихом районе, для комфортной жизни современной семьи. Общая площадь квартиры составляет 63,4 квадратных метров, жилая площадь — 40 квадратных метров, кухня — 12 квадратных метров. Квартира расположена на первом этаже пятиэтажного кирпичного дома, ухоженная входная группа. Высокие потолки в 3 метра создают ощущение простора. В квартире сделан капитальный ремонт, что позволяет сразу же заселиться без необходимости дополнительных вложений. Планировка продумана до мелочей: просторные комнаты, уютная кухня и гостиная. Мебель и техника входят в с"
b05,cian_332632243,"Россия, г Москва, ул 2-я Брестская, д 6",21600000,1,37.2,,"","Резиденция Тверская 37 м² Маяковская 5 мин АДРЕС: 2-я Брестская, 6 — ЖК ""Резиденция Тверская"", бизнес-класс Тверской район ПАРАМЕТРЫ -1 комната, 37,15 м² / кухня 6 м² -Потолки 3,1 м, панорамные окна -9 этаж из 12 -Апартаменты ОБ ОБЪЕКТЕ Апартамент в пред-чистовой отделке в клубном доме бизнес-класса в историческом центре Москвы. Вид на исторический центр с 9 этажа. Потолки 3 м, панорамные окна. Круглосуточная охрана, видеонаблюдение, консьерж. Идеально: проживание, представительский офис или арендная инвестиция. ТРАНСПОРТ Маяковская — 5 мин пешком Садовое кольцо, Тверская, весь деловой центр —"
b05,cian_331613879,"Москва, 3-я Гражданская улица, 21",21842213,2,59.7,,"","СПЕЦИАЛЬНОЕ ПРЕДЛОЖЕНИЕ ДО КОНЦА АВГУСТА! ВЫГОДНАЯ ЦЕНА НА ПОКУПКУ КВАРТИРЫ И СЕМЕЙНАЯ ИПОТЕКА ОТ 6%! ДОМ СДАН, КЛЮЧИ В ДЕНЬ ПОКУПКИ, УСПЕЙТЕ ЗАБРОНИРОВАТЬ! Продается просторная и светлая квартира площадью 59,7 кв. м. на 2 этаже в современном ЖК Парковый Квартал СЕЛФ. Квартира без отделки — ваша возможность создать идеальное пространство по индивидуальному проекту. Жилая площадь - 36,5 кв. м., кухня 15,5 кв. м., потолки 3,1 м. Парковый Квартал СЕЛФ - современная архитектура от бюро WALL, продуманные планировки, безопасная закрытая территория, подземный паркинг. Жилой комплекс расположен в исто"
b05,cian_331997520,"Россия, Москва, 1-я Напрудная улица, 3",21950000,2,45.0,,"","ПЕНТХАУС С ВИДОМ НА ПАРК Новая дизайнерская 2 комнатная квартира с огромной видовой утепленной лоджией в прекрасном семейном благоустроенном районе у парка. Изюминка этой квартиры огромная видовая утепленная лоджия, где вы можете отдохнуть за барной стойкой или поработать за столом с подведенным интернет. Из всех окон открывается панорамный вид на парк! Светлая и уютная 2 комнатная квартира общей площадью 50 м2 (45 м2 + 5 м2 огромная застеклённая утепленная лоджия), располагается на 12 этаже 12-ти этажного дома 1974 года постройки. Дом управляется ТСЖ. Свежий красивый фасад, чистый подъезд, пр"
b05,cian_331883797,"Россия, Москва, Новогиреевская улица, 12к1",22000000,2,60.7,,"","Продается уютная, просторная двухкомнатная квартира в тихом районе Перово, для комфортной жизни современной семьи. Общая площадь квартиры составляет 60,7 квадратных метров, жилая площадь — 35 квадратных метров, кухня — 8 квадратных метров. Квартира расположена на пятом этаже пятиэтажного кирпичного дома, построенного в 1957 году, ухоженная входная группа. Высокие потолки в 3 метра создают ощущение простора. В квартире сделан ремонт, что позволяет сразу же заселиться без необходимости дополнительных вложений. Планировка продумана до мелочей: просторные комнаты, уютная кухня. Мебель и техника вх"
b05,cian_330969292,"Москва, Варшавское шоссе, 141В",22187958,2,54.3,,"","Продаётся 2-комнатная квартира 54.3 кв.м. в МФК ""Варшавские ворота"" на 25-м этаже 30 этажного дома. МФК ""Варшавские ворота"" — это точка баланса между природой и городом, стилем и функциональностью, жизнью сегодня и устойчивым будущим. Коротко о важном: - Дом сдан! Идет выдача ключей! - 1 минута пешком от м. Аннино; - Удобные выезды на Варшавское шоссе и МКАД; - Высота потолков 2,7 - 3 м; - Закрытый двор-парк; - Школы и детские сады в 10-15 минутах пешком от дома; - Технические лоджии для размещения кондиционеров; - Подземный паркинг; - РГ-Девелопмент — ТОП-20 крупнейших застройщиков Москвы. Пр"
b05,cian_332878829,"Москва, Москва, Клинская улица, 2А",22238500,2,66.9,,"","id:12702. Уникальная Евро-3 с гардеробной, 2 санузлами и равными большими комнатами! Адрес: Москва, ул. Клинская, д. 2А (Новый современный ЖК) Параметры: Кухня-гостиная - 13.9 кв.м, две изолированные комнаты - 17.5 и 17.3 кв.м. Есть гардеробная! Главные преимущества и выгоды планировки: Идеальный баланс площади. Две изолированные комнаты практически равны по размеру (17.5 и 17.3 кв.м). Никаких компромиссов при распределении комнат - и родительская спальня, и детская (или кабинет) получаются по-настоящему огромными и комфортными. Формат Евро-3. Просторная кухня-гостиная (13.9 кв.м) - идеальное "
b05,cian_329529173,"Корабельная улица, 15, Москва, 115142",22400000,1,38.3,,"","За объект уже внесли аванс Продается стильная евро-2 квартира с мебелью и техникой в одном из самых востребованных ЖК бизнес-класса на юге Москвы — ""Ривер Парк Коломенское"". Это предложение для тех, кто выбирает не просто квадратные метры, а качество среды, приватность, эстетику и особый сценарий жизни у воды. О квартире Квартира светлая, теплая, с продуманной современной планировкой: просторная кухня-гостиная для жизни и приема гостей отдельная спальня санузел с ванной утепленная лоджия, где организовано полноценное рабочее пространство Жилая площадь — 35,3 м² Общая площадь с утепленной лоджи"
b05,cian_329792492,"Москва, Шоссейная улица, 4Д",22441086,2,40.5,,"","В динамично развивающемся районе Москвы, всего в 300 метрах от метро и в пешей близости от нового городского порта с протяженной набережной 13 км, свободной от автомобилей, продается 2-комнатная квартира площадью 40.50 м². без отделки. Квартира находится в корпусе жилого комплекса бизнес-класса ""Адмирал"", расположенного по адресу г. Москва, ул. Шоссейная, 4Д. (Застройщик - ""Галс Девелопмент""). Новый амбициозный проект ""Адмирал"" станет частью одного из самых перспективных районов будущего - ""Сити-2"". В пешей доступности от современных башен Вас ждут живописные Люблинские пруды, 2 усадьбы с уник"
b05,cian_331298673,"Москва, Севастопольский проспект, 22А",22500000,1,42.0,,"","Id 64846. В продаже КВАРТИРА ФОРМАТА ЕВРО-ДВА в ЖК бизнес класса ENITEO! - Удобная планировка: кухня-гостиная, спальня, санузел - Увеличенные потолки - Потрясающая инфраструктура ! Один взрослый собственник, никто не зарегистрирован, свободная продажа, перепланировок не было. Быстрый выход на сделку. Высокие потолки и окна в пол - создают ощущение пространства и уюта. О ДОМЕ: ЖК Eniteo представляет собой две 42-этажные башни, объединенные стилобатом. Эффектный фасад, выполненный из сочетания металла латунных оттенков и стекла, придает зданиям особый архитектурный стиль. На 39 этаже каждой башн"
b05,cian_331335251,"Москва, Даниловский район, Петра Кончаловского ул., д.7, к.3",22500000,1,39.9,,"","Уважаемые покупатели! Предлагаем однокомнатную квартиру в жилом комплексе бизнес-класса Shagal. Вдали от дороги, приватные дворы, малоэтажные корпуса, вид во двор, высокие потолки, панорамное остекление, закрытый двор. В шаговой доступности ( до 5 мин пешком) благоустроенная набережная, школа, детский сад, речной трамвайчик, поликлиника. Подземный паркинг, кладовки. Рядом с комплексом широкая транспортная развязка, прямой выезд на ТТК, Метро Технопарк и ЗИЛ в шаговой доступности. Ключи на руках! Быстрый выход на сделку! 1 взрослый собственник! Никто не прописан. Есть небольшой остаток по ипоте"
b05,cian_327141939,"Москва, Тагильская улица, 2к1",22680971,3,57.0,,"","Продаётся просторная 3-комнатная квартира общей площадью 57 м² на 18 этаже в новом жилом комплексе ""Сиреневый парк"", расположенном в Восточном административном округе Москвы на улице Тагильская. Всего 10 минут ходьбы от станции метро ""Бульвар Рокоссовского"" и одноимённой платформы МЦК. Высококачественное монолитное строительство гарантирует сохранение тепла в доме, а наличие квартир с предчистовой и чистовой отделкой позволяет вам сэкономить время и сразу же переехать в свое жилье после покупки. Благодаря разнообразию планировок вы сможете выбрать идеальный вариант, соответствующий вашим предп"
b05,cian_331102897,"Москва, Северный административный округ, Хорошёвский район, жилой комплекс Зорге 9, 9Ак7",23248189,1,40.8,,"","Готовый апартамент на Ходынке. 4 станции метро, 5 минут до ""Москва-Сити"", напротив ""Березовая роща"" (44 га). Свой парк 2 га с фонтанами, беллмен и консьерж 24/7, роскошные лобби, фитнес-центр 3000 м², 5 ресторанов, ВкусВилл, и т.д. Ходынка — новый деловой центр Москвы: здесь реализуется ""Большой Сити"" с масштабным ростом офисной инфраструктуры (потенциал Ходынского кластера — 2 млн м² к 2035 году), что формирует устойчивый спрос на аренду жилья со стороны сотрудников ""Сити"", IT-компаний и федеральных офисов. — м. Полежаевская — 6 мин. пешком — МЦК Зорге — 7 мин. пешком — 5 мин. до ТТК — 9 мин."
b05,cian_332687452,"Москва, Изумрудная ул., 44/2",23300000,2,55.9,,"","Вашему вниманию предлагается просторная видовая двухкомнатная квартира в новом доме. В квартире сделан косметический ремонт!!!!! Санузел раздельный. Просторная кухня. Две просторные изолированные комнаты. Высокие потолки. Шикарная лоджия, на которой можно любоваться закатами и рассветами за чашечкой кофе!!!! На стенах обои под покраску, плитка в ванной и санузле. В комнатах на полу ламинат. Квартира очень теплая!!!! До метро Бабушкинская 10 минут на общественном транспорте (остановка прямо возле дома) или 20 минут пешком. Хороший, экологически чистый зеленый район - рядом с домом зелёные сквер"
b05,cian_327579428,"Москва, улица Шумкина, 18с2",23352700,1,36.5,,"","В семейном жилом квартале, расположенном в окружении более 500 га леса и объектов исторического наследия, продается 1-комнатная квартира площадью 36.50 кв. м без отделки. Квартира расположена на 7 этаже 12-этажного корпуса 2.1 жилого квартала бизнес-класса КОД Сокольники от девелопера Новая Эра. Отличная транспортная доступность - 3 мин. пешком до станции МЦД-3 ""Митьково""; - 7 мин. пешком до станции метро ""Сокольники""; - Удобный выезд на Русаковскую улицу; - 5 мин. на авто до ТТК; - 15 мин. на авто до Садового кольца. Продуманный архитектурный проект - Выразительная архитектура, созданная бюро"
b05,cian_324946474,"Москва, улица Шумкина, 18с2",23399520,1,34.8,,"","В семейном жилом квартале, расположенном в окружении более 500 га леса и объектов исторического наследия, продается 1-комнатная квартира площадью 34.80 кв. м без отделки. Квартира расположена на 2 этаже 39-этажного корпуса 2.2 жилого квартала бизнес-класса КОД Сокольники от девелопера Новая Эра. Отличная транспортная доступность - 3 мин. пешком до станции МЦД-3 ""Митьково""; - 7 мин. пешком до станции метро ""Сокольники""; - Удобный выезд на Русаковскую улицу; - 5 мин. на авто до ТТК; - 15 мин. на авто до Садового кольца. Продуманный архитектурный проект - Выразительная архитектура, созданная бюро"
b05,cian_332887377,"Россия, Москва, Ленинградский проспект, 35с2",23400000,2,36.5,,"","Предлагается к продаже уютный апартамент, евро-двушка. Расположен на 12 этаже 14-этажного корпуса ЖК Искра-Парк. Функциональная планировка: кухня-гостиная (20м2), отдельная спальня(13м2), совмещенный санузел (4,5м2), холл (3м2). Отделка производилась для себя: высококачественная итальянская кухня Scavolini с кварцевым покрытием, встроенная техника премиальных брендов (Neff, LG, Liebherr), дизайнерская сантехника GROHE в ванной, отделанной под мрамор. Вся мебель от фабрики Estetica. Продумана система микроклимата: теплый пол, умная вентиляция и кондиционирование в каждой зоне. Искра-Парк — это "
b05,cian_332682785,Россия Москва  Москва 4-й квартал  улица Нижние Мнёвники 7,23500000,1,39.0,,"","РЕАЛЬНАЯ ЦЕНА! СОГЛАСОВАННАЯ С СОБСТВЕННИКОМ! Предлагается 1но комн. квартира в знаменитом ЖК ""Остров-4""! Собственность! Ключи на руках! Показ в любой день по предварительной договоренности! ПРО КВАРТИРУ: - Расположена в Квартале Остров-4, в корпусе 7, на 6-м этаже, - Свободная планировка, - Потолки 3,25 м, - Два широкоформатных окна выходят на юг и смотрят на основную часть Острова и парк Фили. ПРО ДОМ: Квартал ОСТРОВ 4 состоит из 7 корпусов переменной этажности бизнес и премиум класса Двухуровневый подземный паркинг, лифт опускается с любого этажа, без пересадок. Машиноместа можно купить отд"
b05,cian_323205977,"Москва, Тагильская улица, 2к1",23863265,3,57.1,,"","Продаётся просторная 3-комнатная квартира общей площадью 57.1 м² на 19 этаже в новом жилом комплексе ""Сиреневый парк"", расположенном в Восточном административном округе Москвы на улице Тагильская. Всего 10 минут ходьбы от станции метро ""Бульвар Рокоссовского"" и одноимённой платформы МЦК. Высококачественное монолитное строительство гарантирует сохранение тепла в доме, а наличие квартир с предчистовой и чистовой отделкой позволяет вам сэкономить время и сразу же переехать в свое жилье после покупки. Благодаря разнообразию планировок вы сможете выбрать идеальный вариант, соответствующий вашим пре"
b05,cian_321639176,"Москва, Огородный проезд, 4/7к3",23949599,1,37.5,,"","Продаётся 1-комнатная квартира площадью 37.53 кв.м на 19 этаже 46 этажного корпуса Монте Бьянко в квартале небоскребов ""Апсайд Тауэрс"". В квартире предчистовая отделка,с видом на Внутренний двор, корпус Эверест , корпус Атлас, корпус Олимп, Ландшафтный парк. Номер квартиры Г1912. На первых этажах корпуса Монте Бьянко разместятся: фитнес студия, салон красоты, центр превентивной медицины, образовательные классы, книжный магазин, аптека, фермерская лавка, а также келлеры для хранения сезонных вещей. В приватном закрытом дворе разместятся разнообразные площадки для прогулок, игр и отдыха. Визитно"
b05,cian_331027427,"Москва, Гродненская улица, вл18",23951400,1,38.2,,"","Продаётся светлая квартира площадью 38,2 м² в башне ""Созидание"" клубного дома ""Кутузов Сити"". Планировка квартиры продумана до мелочей и позволяет создать комфортное пространство для жизни и эффективно использовать каждый квадратный метр. Просторная кухня-гостиная станет идеальным местом для работы, отдыха и приёма гостей. Изолированная спальня обеспечивает уединённое пространство для отдыха. Просторная ванная комната позволяет разместить как душевую кабину, так и большую ванную. В прихожей предусмотрено пространство, чтобы вы могли выделить зону для хранения. Большие окна наполняют квартиру е"
b05,cian_329792508,"Москва, Шоссейная улица, 4Д",23954584,2,47.3,,"","В динамично развивающемся районе Москвы, всего в 300 метрах от метро и в пешей близости от нового городского порта с протяженной набережной 13 км, свободной от автомобилей, продается 2-комнатная квартира площадью 47.30 м². без отделки. Квартира находится в корпусе жилого комплекса бизнес-класса ""Адмирал"", расположенного по адресу г. Москва, ул. Шоссейная, 4Д. (Застройщик - ""Галс Девелопмент""). Новый амбициозный проект ""Адмирал"" станет частью одного из самых перспективных районов будущего - ""Сити-2"". В пешей доступности от современных башен Вас ждут живописные Люблинские пруды, 2 усадьбы с уник"
b05,cian_329698317,"Россия, Москва город, улица Большая Академическая, дом 59/1, корпус А",24000000,2,64.5,,"","Мечтаете о собственном уголке, где царят свет и простор? Представляем вашему вниманию великолепную двухкомнатную квартиру площадью 64.5 кв. м., спроектированную с заботой о вашем комфорте. Высокие потолки визуально расширяют пространство, наполняя его воздухом и светом. Продуманное зонирование квартиры создано для максимального удобства: •Сердце дома кухня-гостиная: идеальное место для теплых семейных вечеров и шумных встреч с друзьями. •Ваша личная зона: уютная спальня с вместительной гардеробной, где каждая вещь найдет свое место. •Многофункциональное пространство: дополнительная комната, ко"
b05,cian_319197131,"Москва, Огородный проезд, 4/7к1",24134006,1,42.3,,"","Продаётся 1-комнатная квартира площадью 42.29 кв.м на 26 этаже 47 этажного корпуса Атлас в квартале небоскребов ""Апсайд Тауэрс"". В квартире предчистовая отделка,с видом на корпус Эльбрус, прогулочный бульвар. Номер квартиры Б2604. ""Апсайд Тауэрс"" - технологичный квартал строится в динамично развивающемся Бутырском районе, в 3 мин. от метро, в 5 мин. от ТТК. На территории 7 га возводится 5 высотных башен от 19 до 58 этажей, названных в честь главных вершин земли. Квартиры с панорамными окнами в пол, высокими потолками и современными инженерными решениями. В проекте: - приточновытяжная вентиляци"
b05,cian_332481967,"Волгоградский проспект, 32/3к3, Москва, 115088",24200000,2,46.0,,"","Вашему вниманию предлагается уютная квартира евро формата в ЖК ""Метрополия"" Отличный выбор как для собственного проживания, так и для арендного бизнеса! Общая площадь 46 м2, кухня-гостиная 18 м2, спальня 16 м2, с/у совмещенный. Отделка в светлых тонах. Высокие потолки, а также панорамные окна. Квартира оснащена мебелью и бытовой техникой, В КУХНЕ-ГОСТИНОЙ: - вместительный кухонный гарнитур с множеством шкафов, где без труда разместятся все кухонные принадлежности, - из техники: варочная панель и духовой шкаф (Samsung), вытяжка, посудомоечная машина, встроенный холодильник (LG), телевизор, раск"
b05,cian_330220012,"Москва, Даниловский район, Петра Кончаловского ул., д.7, к.1",24300000,1,42.1,,"","Уважаемые покупатели! Предлагаем однокомнатную квартиру в жилом комплексе бизнес-класса Shagal. Вдали от дороги, приватные дворы, малоэтажные корпуса, вид во двор, высокие потолки, панорамное остекление. В шаговой доступности ( до 5 мин пешком) благоустроенная набережная, школа, детский сад, речной трамвайчик, поликлиника. Подземный паркинг, кладовки. Выдача ключей июнь 2026 10 минут по прямой до Кремля. Рядом с комплексом широкая транспортная развязка, прямой выезд на ТТК, Метро Технопарк и ЗИЛ в шаговой доступности. В проекте города строительство пешеходного моста через затон. На территории "
b05,cian_331907301,"Москва, Старый Петровско-Разумовский проезд, 1",24656874,1,43.9,,"","Рассрочка 0%. Первый платёж 30%, второй - не позднее 31.12.2026 г. Продаётся 1-комнатная квартира 43.9 кв.м. в ЖК ""Петровский парк II"" на 2 этаже 24 этажного дома. ЖК ""Петровский парк II"" - жилой комплекс в Савёловском районе, где город ощущается иначе. Здесь история и масштаб Москвы не давят, а задают фон для спокойной, уверенной жизни рядом с центром. Это место, где статус читается не в громких формулировках, а в окружении, архитектуре и ощущении пространства. Коротко о важном: • Район с глубоким историческим контекстом и парковым окружением; • 5 минут пешком до метро ""Динамо"", рядом с делов"
b05,cian_331946099,"Россия, Москва, Сколковское шоссе, 40к2",24700000,2,61.0,,"","Номер лота: 102071. Продается 2-комнатная квартира 61 м² в ЖК Stellar City, в современном доме 2021 года на Сколковском шоссе. Это вариант для тех, кто выбирает запад Москвы, близость к Сколково и новый жилой комплекс с продуманной средой. Квартира подойдет для пары, профессионала или семьи, которым важны современный дом, функциональная планировка и возможность переехать без длительного ремонта. Планировка включает две комнаты, кухню, отдельную гардеробную и просторный совмещенный санузел 9 м². Высокие потолки добавляют пространству воздуха и визуального объема. Установлен кондиционер, есть хо"
b05,cian_331685902,"Москва, улица Сокольнический Вал, 2Ас1",25286627,2,53.1,,"","Продаётся 2-комнатная квартира 53.11 м² в жилом комплексе Солос (бизнес-класс) рядом с парком Сокольники. Квартиру отличают панорамное остекление, потолки 3.2 м, улучшенная шумо и воздухоизоляция. Дом сдаётся в 4 квартале 2029 года, продажи проходят через эскроусчета. Подземный паркинг, коворкинг, закрытая благоустроенная территория с фонтаном и артобъектами. Гибкие условия покупки. Ключевые преимущества: — Расположение в одном из самых популярных районов старой Москвы, рядом с одним из крупнейших парков столицы — ""Сокольники"". — До парка 2 минуты пешком. — Удобный выезд на Третье транспортное"
b05,cian_331907377,"Москва, Старый Петровско-Разумовский проезд, 1",25361750,1,42.7,,"","Продаётся 1-комнатная квартира 42.7 кв.м. в ЖК ""Петровский парк II"" на 2 этаже 21 этажного дома. ЖК ""Петровский парк II"" - жилой комплекс в Савёловском районе, где город ощущается иначе. Здесь история и масштаб Москвы не давят, а задают фон для спокойной, уверенной жизни рядом с центром. Это место, где статус читается не в громких формулировках, а в окружении, архитектуре и ощущении пространства. Коротко о важном: • Район с глубоким историческим контекстом и парковым окружением; • 5 минут пешком до метро ""Динамо"", рядом с деловой и культурной жизнью города; • Редкое сочетание: энергия мегаполи"
b05,cian_332591589,"Москва, Раменки район, Василия Ланового ул., д.3, к.2, строение 4",25777000,1,43.0,,"","Арт. 140120614 Продается 1-комнатная квартира 43 м² на ул. Василия Ланового, Москва — выгодное предложение. Прямая продажа, все документы готовы, сделка пройдет быстро. Возможна ипотека — подходящий вариант и для инвестора, и для комфортного проживания. Квартира без ремонта, что дает вам свободу создать интерьер по своему вкусу. Этаж — 4 из 20, потолки 3 м, жилая площадь 25 м², кухня 18 м² — просторная и удобная для организации столовой зоны и рабочей области. Санузел раздельный, окна выходят во двор — тихо и безопасно. Балкон отсутствует. Подъезд оборудован лифтом. Стандартная планировка обес"
b05,cian_332827082,"Россия, Москва город, улица Куусинена, дом 19, корпус 3",25800000,2,56.5,,"","Продаётся светлая двухкомнатная квартира — удобный вариант для комфортной жизни. В квартире две изолированные комнаты, а за счёт высоких потолков пространство кажется ещё просторнее. Окна выходят во двор. Санузел совмещённый. Есть балкон Вся мебель и техника остаются. Район хорошо развит: до МЦК — 5 минут пешком, до метро — 13 минут, а за 15 минут можно дойти до ТЦ ""Авиапарк"". Рядом находятся парк ""Берёзовая роща"" и Ходынское поле — отличные места для прогулок. В шаговой доступности есть магазины, аптеки, кафе, а также школы и детские сады. Один взрослый собственник. Более 20 лет в собственнос"
b05,cian_330371217,"Россия, Москва, улица Литвина-Седого, 2/13кВс1",26000000,2,55.4,,"","Предлагаю уникальный вариант для ценителей тишины и качественной городской жизни. Это не просто квартира. Это тишина в центре, в сталинском кирпичном доме. Толстые кирпичные стены поэтому всегда тепло замой и комфортно летом. В доме железобетонные перекрытия, крыша после капитального ремонта. Пятый и последний этаж — нет шагов над головой, только звук листвы за окном. Распашная планировка квартира: два окна выходят в зелёный двор (кухня и комната), третье окно (комната) — в кроны деревьев. Высокие потолки — 3 метра дают чувство воздуха, простора и объема. Раздельный санузел. Дом стоит в глубин"
b05,cian_332546663,"Россия, Москва, улица Литвина-Седого, 2/13кВс1",26000000,2,55.4,,"","Предлагаю уникальный вариант для ценителей тишины и качественной городской жизни. Это не просто квартира. Это тишина в центре, в сталинском кирпичном доме. Толстые кирпичные стены поэтому всегда тепло замой и комфортно летом. В доме железобетонные перекрытия, крыша после капитального ремонта. Пятый и последний этаж — нет шагов над головой, только звук листвы за окном. Распашная планировка квартира: два окна выходят в зелёный двор (кухня и комната), третье окно (комната) — в кроны деревьев. Высокие потолки — 3 метра дают чувство воздуха, простора и объема. Раздельный санузел. Дом стоит в глубин"
b05,cian_332922260,"Россия, Москва, 6-я Радиальная улица, 5к4",27000000,2,74.2,,"","Продаётся светлая и просторная квартира в одном из самых зелёных и перспективных районов Москвы. Всё готово для комфортной жизни: ремонт, техника, мебель, хранение — можно заезжать и жить. О квартире 74,2 квадратных метра продуманного стильного пространства. Уютная спальня площадью 15 метров для полноценного отдыха. Светлая кухня-гостиная, где можно и готовить, и работать, и встречать гостей. Просторная гардеробная — настоящая находка для тех, кто ценит порядок и любит удобное хранение. Современный санузел с душевой кабиной. И остеклённая лоджия, где приятно пить кофе по утрам. Ремонт выполнен"
b05,cian_329792307,"Москва, Шоссейная улица, 4Д",27470987,3,61.5,,"","В динамично развивающемся районе Москвы, всего в 300 метрах от метро и в пешей близости от нового городского порта с протяженной набережной 13 км, свободной от автомобилей, продается 3-комнатная квартира площадью 61.50 м². без отделки. Квартира находится в корпусе жилого комплекса бизнес-класса ""Адмирал"", расположенного по адресу г. Москва, ул. Шоссейная, 4Д. (Застройщик - ""Галс Девелопмент""). Новый амбициозный проект ""Адмирал"" станет частью одного из самых перспективных районов будущего - ""Сити-2"". В пешей доступности от современных башен Вас ждут живописные Люблинские пруды, 2 усадьбы с уник"
b05,cian_325484541,"Москва, Центральный административный округ, Дубининская улица",27645257,1,38.0,,"","Продаётся 1-комнатная квартира 446, площадью 38,02 м², на 3 этаже в ЖК ""Павелецкая от Гранель"" корпус 2. Стоимость — от 27645257 руб. Квартира без отделки, планировка односторонняя, окна во двор. Квартиры бизнес-класса в жилом комплексе ""Павелецкая от Гранель"" в Замоскворечье от застройщика. ""Павелецкая от Гранель"" — жилой комплекс бизнес-класса в историческом Замоскворечье, в 600 метрах от Садового кольца. Здесь современная архитектура и приватная территория сочетаются с насыщенной городской средой центра Москвы — рядом театры, музеи, рестораны, галереи и знаковые культурные пространства стол"
b05,cian_331230945,"Москва, Верейская улица, 29с49",27718330,2,63.3,,"","Проектируемая станция ""Верейская"" метро в 5 мин. пешком. Продаётся 2-комнатная квартира общей площадью 63.32 м² без отделки в ЖК Веер на 2-м этаже 35 этажного дома. ВЕЕР.2 — это вторая очередь жилого комплекса бизнес-класса в престижном ЗАО, где реализована концепция 15-минутного города. Всё, что нужно для комфортной жизни, работы и отдыха, находится в шаговой доступности: офисный и спортивный кластеры, государственная рейтинговая школа 1329 и детский сад, центры творчества, ресторанный бульвар, фитнес и спа-центр с 25-метровым бассейном. • Архитектура и лобби ВЕЕР.2 — это ансамбль из четырёх "
b05,cian_332520916,"Москва, улица Ивана Франко",28381611,1,40.5,,"","Цены указаны с условием 100% оплаты и стандартной ипотеки. Продаётся 1-к. квартира номер 626 общей площадью 40.47 кв.м. на 13-м этаже 30 этажного дома в жилом комплексе бизнес-класса ""Индиво"" от девелопера FORMA. ЖК расположен в 5 минутах от Кутузовского проспекта, в историческом районе Кунцево, с панорамным видом на Москва-Сити, МГУ и Живописный мост. Основные преимущества проекта: • Пешая доступность до хаба ""Кунцевская"" (10 минут). • 5 мин. до проспектов Кутузовского и Багратиона — главных транспортных артерий западного направления столицы. • Дом трёх высот: 44, 12 и 30 этажей • Виды на баш"
b05,cian_329905845,"Москва, Севастопольский проспект, 22А",28400000,1,47.7,,"","Id 63546. В ПРОДАЖЕ КВАРТИРА ФОРМАТА ЕВРО-ДВА 47,7 м² РАССМОТРЯТ ОБМЕН НА 3-КОМНАТНУЮ С ДОПЛАТОЙ ! - Удобная планировка , качественный дизайнерский ремонт ! - Видовые террасы с панорамным видом на всю Москву для всех жителей данного ЖК! - Потрясающая инфраструктура ! - Функциональная наполняемость квартиры ! О КВАРТИРЕ: - Просторная квартира формата евро-два с продуманной планировкой предлагает высокий уровень комфорта и стиля. - Квартира оборудована дизайнерской мебелью и современной техникой, обеспечивая полную готовность для проживания или же для сдачи в аренду. - Большая кухня-гостиная с п"
b05,cian_331812531,"Москва, Верейская улица, 29с49",28408836,1,53.2,,"","Проектируемая станция ""Верейская"" метро в 5 мин. пешком. Продаётся 1-комнатная квартира общей площадью 53.22 м² без отделки в ЖК Веер на 9-м этаже 35 этажного дома. ВЕЕР.2 — это вторая очередь жилого комплекса бизнес-класса в престижном ЗАО, где реализована концепция 15-минутного города. Всё, что нужно для комфортной жизни, работы и отдыха, находится в шаговой доступности: офисный и спортивный кластеры, государственная рейтинговая школа 1329 и детский сад, центры творчества, ресторанный бульвар, фитнес и спа-центр с 25-метровым бассейном. • Архитектура и лобби ВЕЕР.2 — это ансамбль из четырёх "
b05,cian_330953772,"Россия, Москва, Багратионовский проезд, 5Ак2",28490000,2,35.8,,"","Лучшая квартира с потрясающем видом на высоком этаже! Продаю квартиру с потрясающим видом на Поклонную гору в доме бизнес-класса ЖК Famous! Великолепная локация и захватывающий вид на город с высоты 37 этажа. Двухкомнатная квартира на высоком этаже с панорамными окнами. Площадь 36 м2 позволяет удобно организовать уютную спальню, гостиную, кухню-столовую, рабочую зону с видом на город, а также просторный санузел и зону постирочной. Состояние white box - отличная возможность реализовать собственные дизайнерские мечты! О комплексе: ЖК Famous находится в хорошем районе с развитой инфраструктурой. "
b05,cian_325690980,"Москва, Береговой проезд, 2",28581838,1,45.0,,"","Прогнозный рост стоимости +50% в течение 2,5 лет.* Воспользуйтесь рассрочкой от застройщика - скидка сохраняется до 31.07.2026. Река. Парк. Сити. Готовый дом в идеальном месте. Продается 1-комнатная квартира на 2-м этаже с панорамным остеклением и видом на город. Береговой - квартал-курорт в центре столицы. Пешеходная набережная начинается от дома: никаких дорог между вами и рекой. Уникальное сочетание природы парка Фили и ритма Сити. Инвестиционный потенциал - в развитии территории: продление набережной, открытие детского образовательного кластера, премиального фитнеса и гастрономических прос"
b05,cian_332311941,"Россия, Москва, Варшавское шоссе, 9с28",28900000,3,85.0,,"","Номер лота: 103535. Трофейная недвижимость для тех, кто ценит индивидуальность. Апартамент расположен в стенах легендарной Даниловской мануфактуры 1867 года - признанного объекта культурного наследия. Аутентичная кладка из красного кирпича и статус исторического памятника промышленной архитектуры задают совершенно иной уровень жизни. В доме менее 40 резиденций, что формирует закрытый клуб для своих: вашими соседями будет творческая интеллигенция, топ-менеджеры и предприниматели. Это среда равных, где эстетика начинается еще до входа в лифт. Сцена для ваших правил жизни. Сердце этого двухуровне"
b05,cian_330315028,"Москва, Шмитовский проезд, 39к8",28900000,2,45.0,,"","Номер объекта: 593366. Стильная квартира ""евро2"" площадью 45 м² на 2-м этаже жилого комплекса бизнес-класса HEADLINER (корпус сдан). Продуманная и функциональная планировка: просторная гостиная с зоной кухни, уютная спальня, санузел. Идеально подходит для небольшой семьи. Качественная и дорогая отделка. Высокие потолки и панорамные окна добавляют света и объёма. Пространство грамотно зонировано: выделена кухня с хорошей мебелью и техникой, а за стратегически возведённой перегородкой - спальня. Презентабельное лобби, консьерж-сервис, подземный паркинг. Закрытая территория, ландшафтный дизайн, д"
b05,cian_326890481,"Москва, Береговой проезд, 2",29181839,1,42.5,,"","Прогнозный рост стоимости +50% в течение 2,5 лет.* Река. Парк. Сити. Готовый дом в идеальном месте. Продается 1-комнатная квартира на 10-м этаже с панорамным остеклением и видом на парковый массив Фили - открытая перспектива без риска высокоэтажной застройки перед окнами. Приезжайте на персональную презентацию, чтобы оценить бескомпромиссную панораму вживую. • Просторная кухня-гостиная с окнами в пол - много света, направления всех окон на юг. • Мастер-спальня с ванной и гардеробной - собственное пространство для ваших бьюти-рутины. • Несколько ванных комнат - гостевая ванная или организация ф"
b05,cian_329449186,"Москва, Покровская набережная, 16",29300000,1,41.6,,"","Лот 1000303. Евгений Аристов. Продается 1 комнатная квартира евроформата в ЖК премиум-класса ""Клубный город на реке Примавера"" (Primavera) Характеристики квартиры: - Площадь: 41,6 кв.м. - Расположение: корпус 3 (башня ""Вивальди""). - Планировка: спальня — 16 кв.м., кухня-гостиная — 18,7 кв.м., совмещенный санузел 3,5 кв.м. - Особенности: высокие потолки (3,1 м), панорамные окна, наполняющие пространство светом. - Завораживающий вид на набережную и Москву-реку — каждый вечер вы будете наслаждаться неповторимыми закатами, которые станут вашим личным ритуалом. - Квартира без отделки — это ваш шанс"
b05,cian_324325466,"Москва, Ленинградский проспект, 37/8",29642400,2,35.8,,"","Жилой квартал Prime Park воплощает все преимущества premium-living. Престижная локация на Ленинградском проспекте, 37: - 5 мин. от Тверской улицы, Патриарших прудов и Белой площади, - 20 мин. до аэропорта ""Шереметьево"" или ""Москва-Сити"", - 4 парка — Ходынское поле, Петровский и Чапаевский парки, Березовая роща, - 4 станции метро — ""ЦСКА"", ""Аэропорт"", ""Динамо"" и ""Петровский парк"". Многократный победитель премий European Property Awards и Urban Awards, а также на протяжении пяти лет остается самым продаваемым проектом в своем сегменте. Premium-living Консьержи предугадывают желания резидентов и "
b05,cian_331954118,"Россия, Москва, Серебрянический переулок, 4с1",29800000,2,37.3,,"","Уникальный апартамент с отдельным входом и цветущим садом под окнами в историческом центре Москвы. Дом расположен в пешей доступности до парка Зарядье, Кремлевской набережной, Китай-городской стены, Таганской площади, Знаменитого дома на Котельнической набережной и причала для корабликов. Тут тихо и спокойно, не проезжий переулок, мало машин и туристов. Дом построен в 1813 году, перекрытия ж/б (подтвердим фотографиями скрытых работ). Уникальное место, уникальный дом со своей историей, высокими потолками и тихими видами из окон. В доме снимали фильм Место встречи изменить нельзя. В 2025 году бы"
b05,cian_329776569,"Россия, Москва, Большая Никитская улица, 31",29900000,2,39.8,,"","Предлагаем вашему вниманию уникальные апартаменты в историческом центре Москвы. Общая площадь — 39.8 кв. м, расположены на 5 этаже 7-этажного кирпичного дома, построенного в 1900 году. Высокие потолки в 3.8 метра создают ощущение простора и света. Дом оснащен пассажирским лифтом, что добавляет удобства в повседневной жизни. Апартаменты выполнены в дизайнерском стиле, который придется по вкусу ценителям современного комфорта. Дом находится в отличном состоянии, благодаря регулярному уходу и вниманию к деталям. Вокруг дома имеется вся необходимая инфраструктура: школы, детские сады, клиники и ма"
b05,cian_332512667,"Москва, Новомосковский административный округ, район Внуково, микрорайон Переделкино Ближнее",30256459,4,109.4,,"","Продается четырехкомнатная квартира в городе-парке ""Переделкино Ближнее"". Общая площадь квартиры - 109,4 кв. м, этаж 14 из 17. Срок сдачи - 1 квартал 2028 года. Тип дома - монолитный. ТОЛЬКО ДО 31 АВГУСТА выгодные условия на приобретение квартиры в ипотеку или рассрочку. Звоните - и мы подберем оптимальное предложение под ваш запрос! Корпус расположен в 13 квартале строительства и состоит из 8 секций с переменной этажностью 12-17 этажей. Все секции без отделки. Около 13 квартала запланировано строительство многоуровневого паркинга на 300 м/мест. 13 квартал имеет уникальное расположение и наход"
b05,cian_332527319,"Москва, ЖК Родина Парк, к3",30278493,2,41.9,,"","Продается 2-комнатная квартира 41.9 м² на 13 этаже ЖК Родина Парк. Особенности: - Эргономичная кухня-гостиная - Просторная ванная - Отдельная гардеробная Родина Парк: экосистема для семьи, где растут и дети, и ваши возможности. Премиальный семейный кластер на западе Москвы, с трех сторон окруженный крупнейшим в столице природным заказником - ""Долина реки Сетунь"", вблизи Кутузовского проспекта. ""Родина Парк"" - это единственный в столице жилой квартал с собственной экосистемой для развития, здоровья и творчества, где всё подчинено главной цели: дать человеку условия для развития - физически, про"
b05,cian_332214852,"Россия, Москва, улица Вавилова, 6",30300000,2,54.0,,"","Предлагаем уютную квартиру около метро Ленинский проспект. Кирпичный дом 1958 г.п. - добротная сталинка, строгие линии, характерные для того времени детали, симметричные фасады. Хорошая звуко- и теплоизоляция. Толстые стены и широкие подоконники. Высокие потолки 3 м. Отличное состояние квартиры, Тамбур на 2 квартиры. Хорошие соседи. Дом окружён уютным, зелёным двором. Территория огорожена, что сразу задаёт тон приватности. Во дворе есть детская и спортивная площадки — удобно для семей. Проложены прогулочные дорожки, высажены деревья и кустарники. Для автомобилистов предусмотрена наземная парко"
b05,cian_332283177,"Москва, Варшавское шоссе, 141В",30433816,3,74.6,,"","Продаётся 3-комнатная квартира 74.6 кв.м. в МФК ""Варшавские ворота"" на 21-м этаже 30 этажного дома. МФК ""Варшавские ворота"" — это точка баланса между природой и городом, стилем и функциональностью, жизнью сегодня и устойчивым будущим. Коротко о важном: - Дом сдан! Идет выдача ключей! - 1 минута пешком от м. Аннино; - Удобные выезды на Варшавское шоссе и МКАД; - Высота потолков 2,7 - 3 м; - Закрытый двор-парк; - Школы и детские сады в 10-15 минутах пешком от дома; - Технические лоджии для размещения кондиционеров; - Подземный паркинг; - РГ-Девелопмент — ТОП-20 крупнейших застройщиков Москвы. Пр"
b05,cian_330220028,"Москва, жилой комплекс Алиа, 4-й квартал, блок Ривер 1, к2",30485624,1,44.2,,"","Продаётся 1-комнатная квартира 44.2 м². В премиальном квартале Алиа Элайв на 37-м этаже 42-этажного дома. Одна из самых ярких и впечатляющих частей жилого района Алиа — премиальный квартал Алиа Элайв. Это две башни LIGHTHOUSE от бюро APEX на первой береговой линии Москвы-реки с закрытым внутренним двором, детскими и спортивными площадками. Во всех квартирах — высокие потолки и панорамные окна, из которых открываются вдохновляющие виды на реку и зеленые массивы парков. Среди редких форматов — квартиры с террасой, двухуровневые квартиры и пентхаусы. У башен помимо собственных лобби и подземного "
b05,cian_325305994,"Москва, улица Сокольнический Вал, 2Ас1",30601285,2,69.9,,"","Продаётся 2-комнатная квартира 69,91 м² в жилом комплексе Солос (бизнес-класс) рядом с парком Сокольники. Квартиру отличают панорамное остекление, потолки 3.2 м, улучшенная шумо и воздухоизоляция. Дом сдаётся в 4 квартале 2029 года, продажи проходят через эскроусчета. Подземный паркинг, коворкинг, закрытая благоустроенная территория с фонтаном и артобъектами. Гибкие условия покупки. Ключевые преимущества: — Расположение в одном из самых популярных районов старой Москвы, рядом с одним из крупнейших парков столицы — ""Сокольники"". — До парка 2 минуты пешком. — Удобный выезд на Третье транспортное"
b05,cian_309287781,"Москва, Северо-Западный административный округ, район Покровское-Стрешнево, жилой комплекс Примавера",30618500,1,47.5,,"","Клубный город на реке ""Примавера"" — это современный жилой комплекс премиум-класса, расположенный на первой береговой линии Москвы-реки в экологически чистом районе Покровское-Стрешнево. Под панорамными окнами квартир находится собственный экопарк с продуманной сетью прогулочных дорожек и современными детскими и спортивными площадками. За парком расположена набережная с собственным пляжем и зонами для отдыха. Клубный город на реке ""Примавера"" предлагает широкий выбор планировок для различных жизненных сценариев: от просторных однокомнатных квартир до пентхаусов и жилых помещений с террасами и п"
b05,cian_332034391,"Россия, Москва, улица Нижние Мнёвники, 9",31000000,1,41.0,,"","Номер лота: 101822. Продаётся уютная однокомнатная квартира с кухней-гостиной, полным комплектом мебели и техники. 41 кв. м комфортного пространства на 8 этаже в современном малоэтажном ЖК ""Остров"". Всё для жизни: Квартира полностью укомплектована. Стильный ремонт от застройщика с гарантией на отделку, сантехнику, окна, датчики и кухню от производителя Snaidero со встроенной техникой. Одна из лучших планировок в ЖК с высокими потолками: удобная эргономика и максимум света. Прекрасный вид из окон: на парк, Москву-реку и Москва-Сити. Напротив дома нет жилых зданий — только живописные виды! Безоп"
b05,cian_332520896,"Москва, улица Ивана Франко",31348746,2,57.7,,"","Цены указаны с условием 100% оплаты и стандартной ипотеки. Продаётся 2-к. квартира номер 435 общей площадью 57.69 кв.м. на 7-м этаже 12 этажного дома в жилом комплексе бизнес-класса ""Индиво"" от девелопера FORMA. ЖК расположен в 5 минутах от Кутузовского проспекта, в историческом районе Кунцево, с панорамным видом на Москва-Сити, МГУ и Живописный мост. Основные преимущества проекта: • Пешая доступность до хаба ""Кунцевская"" (10 минут). • 5 мин. до проспектов Кутузовского и Багратиона — главных транспортных артерий западного направления столицы. • Дом трёх высот: 44, 12 и 30 этажей • Виды на башн"
b05,cian_319197332,"Москва, Огородный проезд, 4/7к3",31579974,2,58.1,,"","Продаётся 2-комнатная квартира площадью 58.13 кв.м на 3 этаже 46 этажного корпуса Монте Бьянко в квартале небоскребов ""Апсайд Тауэрс"". В квартире предчистовая отделка,с видом на Звездный бульвар, Ольгинский храм, корпус Эверест. Номер квартиры Г0306. На первых этажах корпуса Монте Бьянко разместятся: фитнес студия, салон красоты, центр превентивной медицины, образовательные классы, книжный магазин, аптека, фермерская лавка, а также келлеры для хранения сезонных вещей. В приватном закрытом дворе разместятся разнообразные площадки для прогулок, игр и отдыха. Визитной карточкой двора станет уника"
b05,cian_327760907,"Москва, Дмитровское шоссе, 73Бк1",31775744,4,86.3,,"","Продаётся 4-комнатная квартира 10, площадью 86,30 м², на 2 этаже в ЖК ""Гранель Тринити"" корпус 3.2. Стоимость — от 31775744 руб. Квартира без отделки, планировка односторонняя, окна во двор. Квартиры комфорт-класса в жилом квартале ""Гранель Тринити"" на севере Москвы от застройщика. Жилой квартал ""Гранель Тринити"" расположен в районе Западное Дегунино на севере Москвы, в шаговой доступности от станции метро ""Верхние Лихоборы"". Локация сочетает развитую городскую инфраструктуру, удобную транспортную доступность и современные решения для комфортной жизни. Проект занимает территорию 4,86 га и вклю"
b05,cian_332281652,"Россия, Москва, Шелепихинская набережная, 34к5",31950000,1,51.3,,"","Номер лота: 95869. Самая привлекательная цена за м2! Продается просторная видовая евро 2-комнатная квартира в знаковом жилом комплексе бизнес-класса ""Сердце Столицы"", стильном и комфортном, от одного из лучших застройщиков Москвы ""Донстрой"". В престижном районе Хорошево-Мневники в СЗАО Москвы, на берегу Москва-реки! Набережную продолжают благоустраивать! Великолепные прогулки в любой сезон! Полный восторг! В 2026 г. рядом откроется метро ""Звенигородская"" в составе Рублёво-Архангельской линии. Монолитный дом 2023 года постройки. В ЖК ""Сердце Столицы"" реализована концепция ""Город в городе"", при "
b05,cian_332809202,"Россия, г Москва, Ленинградский пр-кт, д 29 к 1",32000000,1,38.1,,"","Дизайнерская квартира в жилом комплексе ЖК Царская площадь. Стильный современный интерьер и качественный ремонт, выполненный с использованием дорогих материалов европейского производства. Статус- квартира. В отделке использованы натуральные и премиальные материалы: пол по всей квартире выложен мрамором, установлены межкомнатные двери Profildoors, сантехника Grohe, теплые полы и многоуровневая подсветка американского производителя, создающая комфортную атмосферу в каждом помещении. Кухня и спальня оборудованы встроенной мебелью. Установлена бытовая техника премиального бренда Kuppersbusch: холо"
b05,cian_332392987,"Москва, Береговой проезд, 2",32919982,2,50.9,,"","Прогнозный рост стоимости +50% в течение 2,5 лет.* Река. Парк. Сити. Готовый дом в идеальном месте. Продается 2-комнатная квартира на 3-м этаже с панорамным остеклением и видом на школу. Береговой - квартал-курорт в центре столицы. Пешеходная набережная начинается от дома: никаких дорог между вами и рекой. Уникальное сочетание природы парка Фили и ритма Сити. Инвестиционный потенциал - в развитии территории: продление набережной, открытие детского образовательного кластера, премиального фитнеса и гастрономических пространств. Ввод всех корпусов жилого квартала поддержит рост стоимости. Начните"
b05,cian_330226194,"Россия, Москва, проспект Генерала Дорохова, 39к2Л",32999999,2,43.9,,"","Продаю свою квартиру -мечты — потому что мечты меняются! Когда выбирал эту квартиру, знал: беру лучшее. 10-й этаж, потолки 3,2 метра, кухня-гостиная 21 м² — здесь действительно дышится по-другому. Утром свет заливает всё пространство, вечером город светится за окном. Это не просто квартира — это ощущение. ЖК West Garden — не просто адрес. Закрытая территория, консьерж, ландшафтный двор, где приятно просто выйти подышать. Рядом парк — и это в Москве, в 5 минутах от метро. Квартира: 43,85 м², корпус 2Л, 10 из 14 этажей. Ремонт от застройщика ! (большая редкость на сегодня!)— качественно, без ком"
b05,cian_325691025,"Москва, Береговой проезд, 2",33017237,2,50.9,,"","Прогнозный рост стоимости +50% в течение 2,5 лет.* Река. Парк. Сити. Готовый дом в идеальном месте. Продается 2-комнатная квартира на 4-м этаже с панорамным остеклением и видом на футуристичную школу - открытая перспектива без риска высокоэтажной застройки перед окнами. Приезжайте на персональную презентацию, чтобы оценить бескомпромиссную панораму вживую. • Просторная кухня-гостиная с окнами в пол - много света, направления всех окон на юг. • Мастер-спальня с ванной и гардеробной - собственное пространство для ваших бьюти-рутины. • Несколько ванных комнат - гостевая ванная или организация фун"
b05,cian_330598605,"Москва, ЖК Левел Звенигородская, к2",33322510,3,67.4,,"","Цена указана с учетом скидки при 100%-й оплате, несубсидированной ипотеке, субсидированной ипотеке и процентной рассрочке. Если вы являетесь агентом, зафиксируйте клиента в личном кабинете до обращения за консультацией. В жилом квартале продаётся 3-комнатная квартира площадью 67.40 кв.м без отделки. Квартира расположена на 35 этаже 64 этажного корпуса 2 в жилом комплексе комфорт+ класса Левел Звенигородская (компания Level Group/Левел групп). Отличная транспортная доступность - 5 мин. пешком до метро ""Звенигородская"" (откроется к окончанию строительства); - 18 мин. пешком до станции МЦК ""Хорош"
b05,cian_329312653,"Россия, Москва, Шелепихинская набережная, 34к5",33490000,1,51.3,,"","Номер лота: 95869. Продается просторная видовая Евро 2-комнатная квартира в знаковом жилом комплексе бизнес-класса ""Сердце Столицы"", стильном и комфортном, от одного из лучших застройщиков Москвы ""Донстрой"". Квартира! Не аппартаменты! В престижном районе Хорошево-Мневники в СЗАО Москвы, на берегу Москва - реки! Набережную продолжают благоустраивать! Великолепные прогулки в любой сезон! Полный восторг! Монолитный дом 2023 года постройки. В ЖК ""Сердце Столицы"" реализована концепция ""Город в городе"", - при которой жилой комплекс представляет собой самодостаточную экосистему с развитой инфраструкт"
b05,cian_314882493,"Москва, Автозаводская улица, 24к1",33740212,3,69.7,,"","Продается просторный трехкомнатный лот без отделки от застройщика в Доме на набережной Инсайдер. Сервисные лоты с системой ""умный дом"" на первой линии Москвы-реки. Лот расположен на 6 этаже в секции 1.3. Европланировка, просторная кухня-гостиная, 2 санузла. В лоте 8 панорамных окон в пол с видами на внутренний благоустроенный двор. Отельный сервис от управляющей компании. Инсайдер - комплекс бизнес-класса, расположенный в Даниловском районе на Юге Москвы на набережной Москва-реки. Архитектура от известного бюро Цимайло, Ляшенко и партнеры. Комплекс включает 3 секции переменной этажности до 16 "
b05,cian_329165925,"Россия, Москва, Большой Каретный переулок, 4с7",33900000,2,68.6,,"",Продаётся 2-комнатная квартира с частичным ремонтом у метро Цветной бульвар. Дом расположен в историческом Тверском районе Центрального административного округа. В месте с развитой инфраструктурой и отличной транспортной доступностью. До метро Цветной бульвар или станцию Трубная пешком 5 минут. Удобный выезд на улицу Петровка и Садовой кольцо. Рядом есть всё необходимое для комфортного проживания. О документах: - 1 взрослый собственник - Свободная продажа - Без обременений О квартире: - 4 этаж (виды на улицу и во двор) - 2 изолированные спальни - просторная кухня-гостиная с разделением простра
b05,cian_330220006,"Москва, Даниловский район, Марка Шагала наб., д.15, к.2",33900000,2,64.3,,"","Уважаемые покупатели! Вашему вниманию предлагается двухкомнатная квартира в жилом комплексе бизнес-класса Shagal в Даниловском районе. Вид на затон Новинки, и боковой на Москва реку. Дом расположен вдали от дороги и лишнего шума. Общая площадь 64,30 кв.м. 2 очередь, корпус 7, приватные дворы, вид на улицу, высокие потолки, панорамное остекление, близость воды. В шаговой доступности ( до 5 мин пешком) благоустроенная набережная, школа, детский сад, речной трамвайчик, поликлиника. Подземный паркинг, кладовки. Ключи июль 2026 г. Близость к центру. Рядом с комплексом широкая транспортная развязка,"
b05,cian_332086583,"Москва, Академика Королёва улица, 21",34000000,2,39.4,,"","Лот fm36333 К продаже предлагается светлая евродвухкомнатная квартира площадью 39,4 м² (жилая 29,33 м²) с мебелью, расположенная на 7 этаже в подъезде 4 жилого комплекса ""Достижение"" (ул. Академика Королёва, 21) в районе Останкинский. Из панорамных окон открывается вид на закат. • В квартире выполнен ремонт. Продумана система хранения на каждом метре. Квартира полностью меблирована, готова к проживанию (финальные штрихи до конца июля, показ возможен уже сейчас). Планировочные решения: • Площадь: 39,4 м² (жилая 29,33 м²) • Спальня изолирована (11,99 м²) • Просторная гостиная (17,34 м²) с рабоче"
b05,cian_331823299,"Москва, Тагильская улица, 4",34168611,4,79.4,,"","Продаётся просторная 4-комнатная квартира общей площадью 79.4 м² на 16 этаже в новом жилом комплексе ""Сиреневый парк"", расположенном в Восточном административном округе Москвы на улице Тагильская. Всего 10 минут ходьбы от станции метро ""Бульвар Рокоссовского"" и одноимённой платформы МЦК. Высококачественное монолитное строительство гарантирует сохранение тепла в доме, а наличие квартир с предчистовой и чистовой отделкой позволяет вам сэкономить время и сразу же переехать в свое жилье после покупки. Благодаря разнообразию планировок вы сможете выбрать идеальный вариант, соответствующий вашим пре"
b05,cian_327779703,"Москва, улица Намёткина, вл10",34404175,4,84.5,,"","Продаются 4-к апартаменты площадью 84.5 кв.м. на 20-м этаже 29 этажного дома в ""НАМЕТКИН ТАУЭР"" от ГК ОСНОВА. Наметкин Тауэр - комплекс бизнес-класса с премиальным обслуживанием, располагается в районе Черёмушки на Юго-Западе Москвы. Архитектура — от известного бюро Mecanoo (Нидерланды). Комплекс включает 4 секции переменной этажности 24 - 29 этажей и предлагает все преимущества бизнес-класса: двухуровневый подземный паркинг (2 этажа), панорамные окна и высокие потолки, дизайнерские лобби, продуманные общественные пространства, обширную собственную инфраструктуру - ресторан, супермаркет, медце"
b05,cian_330690733,"Москва, САО, р-н Беговой, Ленинградский просп., 35С2",34500000,2,63.0,,"","Апартаменты с 2 спальнями в комплексе премиум-класса ""Искра-парк"". Апартаменты площадью 63 м² расположены на 2 этаже в секции 5. Выполнена дизайнерская отделка в неоклассическом стиле — фактурные обои, многоуровневые потолки, венчающие карнизы. Продуманы различные сценарии освещения. Апартаменты меблированы и укомплектованы бытовой техникой. Планировка включает кухню-гостиную, 2 спальни, санузел с душевой кабиной, постирочную и холл. Из окон открываются виды на благоустроенную территорию комплекса. Главное о доме. ""Искра-парк"" — квартал премиум-класса на Ленинградском проспекте, спроектированн"
b05,cian_331204894,"Россия, Москва, Кутузовский проспект, 22",35000000,2,56.7,,"","Номер лота: 102636. 2комнатная распашонка с новым качественным ремонтом в отреставрированном сталинском доме на Кутузовском проспекте, 22. О квартире: - Новый качественный ремонт: свежая отделка, аккуратные материалы, нейтральные тона — можно сразу заезжать и жить. - Рациональная планировка-распашонка: окна выходят на две стороны, во двор — тихо и много дневного света. - Высокие потолки около 3,2 м, толстые кирпичные стены — отличная тепло- и звукоизоляция. - Окна во двор — без городского шума и пыли. О доме: - Сталинский кирпичный дом 1940 года в стиле советского ампира: балконы с колоннами, "
b05,cian_330999853,"Россия, Москва, Большая Серпуховская улица, 44",35000000,2,46.8,,"","Эксклюзив! Великолепный объект для тех кто ищет вариант в малоквартирном доме с большим зеленым двором и паркингом в тихом центре! Вашему вниманию предлагается апартамент в клубном проекте ""Александровский дом"" в районе Замоскворечье. Дорогой качественный ремонт, делали с любовью для себя. Фотографии реальные, не рендеры! Красивый дизайнерский проект выполнен из материалов премиальной линейки, со вкусом меблирован. Дубовая инженерная доска, высокие стеклянные двери, множество сценариев освещения, высокие потолки 3.6 изысканно подчеркнуты рейками из натурального дерева.Дополнительный объем прос"
b05,cian_332472109,Россия Москва  Москва район Марфино   Академика Королёва 21,35000000,1,39.1,,"","В продаже стильная современная квартира в г. Москве! ПРЕИМУЩЕСТВА ОБЪЕКТА: — авторский дизайнерский ремонт: интерьер выполнен в эстетике Dark Luxury / Минимализм с использованием премиальных отделочных материалов, сложных световых сценариев (скрытая светодиодная подсветка, трековые системы) и фактурных матовых поверхностей; — продуманная эргономичная планировка: просторная кухня-гостиная (17,3 кв. м) с зонированием для отдыха и приготовления еды, изолированная тихая спальня (12,2 кв. м); входная группа с продуманными скрытыми системами хранения, совмещенный санузел, облицованный крупноформатны"
b05,cian_331907371,"Москва, Старый Петровско-Разумовский проезд, 1",35278927,2,64.2,,"","Продаётся 2-комнатная квартира 64.2 кв.м. в ЖК ""Петровский парк II"" на 5 этаже 21 этажного дома. ЖК ""Петровский парк II"" - жилой комплекс в Савёловском районе, где город ощущается иначе. Здесь история и масштаб Москвы не давят, а задают фон для спокойной, уверенной жизни рядом с центром. Это место, где статус читается не в громких формулировках, а в окружении, архитектуре и ощущении пространства. Коротко о важном: • Район с глубоким историческим контекстом и парковым окружением; • 5 минут пешком до метро ""Динамо"", рядом с деловой и культурной жизнью города; • Редкое сочетание: энергия мегаполи"
b05,cian_328675468,"Москва, Лефортово район, Крузенштерна ул., д.2",35890000,3,66.0,,"","Уникальная квартира в ЖК Символ с потолками 5,05 метров в квартале Искренность - самом близком к центру Москвы. Высота потолков позволяет при помощи антресоли увеличить площадь квартиры до 90 м.кв. Хороший вид из окон в дизайнерский двор. Большие окна на 2 стороны, много света, высокие потолки - дают ощущение свободного пространства и дополнительной площади. Также высокие потолки позволяют: Организовать дополнительные функциональные зоны. Например, сделать антресольный этаж для спального места, рабочего кабинета или зоны отдыха. Получить больше естественного света. Воплотить разные варианты ди"
b05,cian_330640936,"г. Москва, улица Ботаническая дом 29А корпус 3",35900000,1,46.0,,"","Видовая квартира с одной спальней общей площадью 46 м² в комплексе бизнес-класса ""Вери"". Квартира с отделкой расположена на 31 этаже в корпусе 3, откуда открываются панорамные виды на город и Малый Ботанический сад. Ремонт выполнен в современном стиле в светлых тонах. Основной акцент в оформлении создаёт кирпичная кладка. На полу выложена 18-миллиметровая инженерная доска. Столешница на кухне покрыта полиуретановой плёнкой, фасады — эмалью и полиуретаном. Установлена индукционная плита и японский смеситель с фильтрацией воды до питьевой. Зеркало — фальш-окно со светильниками. Климат: конвектор"
b05,cian_330820490,"Россия, Москва, Лихов переулок, 2/3с2",36000000,2,46.1,,"","Номер лота: 101297. Для комфортной жизни. С высоким арендным и инвестиционным потенциалом! Идеально подходит для тех, кто ценит красоту исторического центра и любит спокойный темп жизни. В центре Москвы высокий ритм шумного и динамичного мегаполиса задают транспорт, поток людей и плотная застройка. При этом внутри кварталов остаются почти незаметные пространства — тихие дворики за арками и в глубине переулков. Там меньше шума, больше воздуха и ощущение приватности, камерности и даже безмятежности. Жить в самом центре Москвы в тихом переулке — это всегда привилегия. А стоит выйти из переулка, и"
b05,cian_328562159,"Россия, Москва, 1-й Неопалимовский переулок, 11/22",36000000,3,61.0,,"","О ДОМЕ: кирпичный дом 1934 года постройки в престижном районе Хамовники. О КВАРТИРЕ: уютная трех-комнатная квартира с хорошим ремонтом, за счет высоких потолков в помещении много воздуха и света. Окна ориентированы на обе стороны, въезд во двор с детской и спортивной площадками ограничен шлагбаумом. ИНРАСТРУКТУРА: все, что необходимо для качественной жизни находится в непосредственной близости — сильнейшие школы столицы: Школа 57, Лицей 1535, Школа 1253. Топовые рестораны, медицинские центры, фитнес-клубы, парки .В пешей доступности метро Парк культуры и Смоленская, удобный выезд в любом напра"
b05,cian_326991094,"Москва, проезд Серебрякова, 11к2",36399986,3,79.6,,"","3-комнатная квартира площадью 79,6 кв.м., расположенная на 48 этаже 53-этажного небоскреба бизнес-класса это именно то, что вы ищете! AFI Tower — это не просто жилой комплекс. Это место, где каждая деталь заботливо продумана, чтобы сделать вашу жизнь удивительной и комфортной. Транспортная доступность - AFI Tower расположен близко к проезду Серебрякова, что обеспечивает быстрый доступ к Третьему Транспортному Кольцу и МКАД. За 15 минут можно легко добраться до ключевых транспортных магистралей в зависимости от дорожной ситуации. - В пешей доступности находятся станции метро ""Свиблово"" и ""Ботан"
b05,cian_331324196,"Россия, Москва, Новорязанская улица, 16/11с1",36400000,2,66.4,,"","Прекрасная светлая Двухкомнатная квартира (2 спальни) с гардеробной и постирочной комнатами, в самом сердце Москвы, Красносельского района (ЦАО), общей площадью 66,4 кв.м, с окнами в тихий внутренний двор, Хороший кирпичный дом с высокими потолками, окруженный разнообразием инфраструктуры: школы, детские сады, поликлиники, магазины, кафе и рестораны, музеи (например, музей Транспорта), а для прогулок уютный Сад имени Баумана. Прекрасная транспортная доступность: 4 станции метро: - Красные ворота - Красносельская - Комсомольская - Площадь трех вокзалов Удобный выезд на Садовое кольцо, а до Крем"
b05,cian_329792337,"Москва, Шоссейная улица, 4Д",36851613,4,95.4,,"","В динамично развивающемся районе Москвы, всего в 300 метрах от метро и в пешей близости от нового городского порта с протяженной набережной 13 км, свободной от автомобилей, продается 4-комнатная квартира площадью 95.40 м². без отделки. Квартира находится в корпусе жилого комплекса бизнес-класса ""Адмирал"", расположенного по адресу г. Москва, ул. Шоссейная, 4Д. (Застройщик - ""Галс Девелопмент""). Новый амбициозный проект ""Адмирал"" станет частью одного из самых перспективных районов будущего - ""Сити-2"". В пешей доступности от современных башен Вас ждут живописные Люблинские пруды, 2 усадьбы с уник"
b05,cian_332849439,"Москва, Москва, проспект Генерала Дорохова, 49",37000000,3,72.9,,"","id:21152. Вашему вниманию предлагается ВИДОВОЙ лот в современном жилом комплексе Will Towers. Квартира расположена на 45 этаже в башне Вдохновение с завораживающими видами на МГУ. Площадь составляет 72.9 м2 и обладает функциональным планировочным решением, квартира свободной планировки позволяет разместить зону кухни-гостиной 24 м2, мастер спальня 15.3 м2 с гардеробной 2.8 м2 и сан.узлом 5.4 м2, детская спальня 14.8 м2, а также гостевой сан.узел. ПРЕИМУЩЕСТВА КВАРТИРЫ: 1. Высокий этаж с полной панорамой на центр Москвы и МГУ. 2. Свободное планировочное решение позволяющее воплотить любую фанта"
b05,cian_332721550,"Россия, Москва, Полковая улица, 1к1",37000000,2,48.9,,"","Предлагается квартира в премиальном жилом квартале Прайд (PRIDE) от девелопера ГК Пионер. Комплекс расположен в историческом районе Марьина Роща (Северо-Восточный округ) по адресу: ул. Полковая, вл. 1. Элегантная квартира в камерном малоэтажном корпусе - редкое сочетание приватности, статуса и продуманной архитектуры. Планировка включает в себя: -Светлую кухню-гостиную -Совмещенный санузел -Вместительную гардербную -Просторную спальню Вид из окна на тихий внутренний двор на благоустроенную аллею с ландшафтным дизайном Состояние и отделка: Квартира сдаётся с премиальной чистовой отделкой ICON о"
b05,cian_331887134,"Москва, Южный административный округ, Даниловский район, микрорайон Г, жилой комплекс Форивер, 8",37350000,1,42.0,,"","Готовая и просторная квартира. Окна кухни-гостиной и спальни обращены в сторону приватного видового двора. Продуманная планировка позволяет разместить спальню и просторную кухню-гостиную. Высокие потолки увеличат объём квартиры, создадут ощущение простора и свободы."
b05,cian_331490904,"Москва, 4-ый Верхний Михайловский пр-д , 4, корп. 1",37500000,2,52.0,,"","ID 64349. Эксклюзив. Только в Intermark. Стильная двухкомнатная квартира общей площадью 52 м2 с новой дизайнерской отделкой премиум-класса, мебелью и бытовой техникой в кирпичном доме 1956 года постройки в тихом Донском районе. В квартире никто не жил. Планировкой предусмотрены просторная кухня-гостиная 26 м2, спальня, две гардеробные (в коридоре и в спальне), раздельный санузел, отдельная постирочная комната. Потолки 3,1 метра, в кухне-гостиной три окна, прекрасно инсолирующие жилое пространство. Установлена высококачественная бытовая техника Electrolux, Bosch, Samsung, LG, Globalo, Bone Crus"
b05,cian_320826583,"Москва, Тагильская улица, 4",37586178,4,99.2,,"","Продаётся просторная 4-комнатная квартира общей площадью 99.2 м² на 2 этаже в новом жилом комплексе ""Сиреневый парк"", расположенном в Восточном административном округе Москвы на улице Тагильская. Всего 10 минут ходьбы от станции метро ""Бульвар Рокоссовского"" и одноимённой платформы МЦК. Высококачественное монолитное строительство гарантирует сохранение тепла в доме, а наличие квартир с предчистовой и чистовой отделкой позволяет вам сэкономить время и сразу же переехать в свое жилье после покупки. Благодаря разнообразию планировок вы сможете выбрать идеальный вариант, соответствующий вашим пред"
b05,cian_331527087,"Россия, г. Москва, Петра Алексеева ул., д. 14",38000000,2,42.9,,"","210950 ЖК КутузовGRAD II Евро-двух комнатная квартира в Жилом комплексе ""КутузовGRAD II"" Стильная квартира площадью 42,9 кв.м. на 25 этаже современного жилого комплекса бизнес-класса. Пространство продумано до мелочей: просторная кухня-гостиная для жизни и встреч, камин, отдельная спальня, функциональный санузел. Интерьер выполнен в современном дизайнерском стиле с использованием премиальных материалов — ремонт создавался для себя, без компромиссов в качестве. Натуральный дубовый паркет, европейская сантехника, качественная встроенная техника и полностью готовое пространство для комфортной жиз"
b05,cian_325484768,"Москва, Центральный административный округ, Дубининская улица",38168762,2,67.6,,"","Продаётся 2-комнатная квартира 511, площадью 67,57 м², на 2 этаже в ЖК ""Павелецкая от Гранель"" корпус 2. Стоимость — от 38168763 руб. Квартира без отделки, планировка односторонняя, окна во двор. Квартиры бизнес-класса в жилом комплексе ""Павелецкая от Гранель"" в Замоскворечье от застройщика. ""Павелецкая от Гранель"" — жилой комплекс бизнес-класса в историческом Замоскворечье, в 600 метрах от Садового кольца. Здесь современная архитектура и приватная территория сочетаются с насыщенной городской средой центра Москвы — рядом театры, музеи, рестораны, галереи и знаковые культурные пространства стол"
b05,cian_330598798,"Москва, ЖК Левел Звенигородская, к1",38283587,4,92.1,,"","Цена указана с учетом скидки при 100%-й оплате, несубсидированной ипотеке, субсидированной ипотеке и процентной рассрочке. Если вы являетесь агентом, зафиксируйте клиента в личном кабинете до обращения за консультацией. В жилом квартале продаётся 4-комнатная квартира площадью 92.10 кв.м с предчистовой отделкой. Квартира расположена на 4 этаже 48 этажного корпуса 1 в жилом комплексе комфорт+ класса Левел Звенигородская (компания Level Group/Левел групп). Отличная транспортная доступность - 5 мин. пешком до метро ""Звенигородская"" (откроется к окончанию строительства); - 18 мин. пешком до станции"
b05,cian_320056868,"Россия, Москва, улица Академика Челомея, 1А",38500000,2,47.0,,"","ПЕНТХАУС Потолки 3,75 до ремонта и 3,40 после ремонта Потрясающие панорамные виды! Квартира расположена на самом верхнем этаже. Огромные шикарные окна во всю стену. Параметры квартир на последних двух этажах отличаются от всех остальных квартир в данном жилом комплексе! Это единственная квартира с такими потолками и окнами во всем жилом комплексе! О КВАРТИРЕ - евро двухкомнатная (кухня гостиная и отдельная спальня) - просторная гардеробная - большой совмещенный санузел - стильный французский балкон с прозрачным остеклением - потолки 3,40 (после ремонта!) О РЕМОНТЕ - дизайнерский ремонт - высок"
b05,cian_331736372,"Москва, Ленинградский проспект, 37/9",38720000,1,48.4,,"","Жилой квартал Prime Park воплощает все преимущества premium-living. Престижная локация на Ленинградском проспекте, 37: - 5 мин. от Тверской улицы, Патриарших прудов и Белой площади, - 20 мин. до аэропорта ""Шереметьево"" или ""Москва-Сити"", - 4 парка — Ходынское поле, Петровский и Чапаевский парки, Березовая роща, - 4 станции метро — ""ЦСКА"", ""Аэропорт"", ""Динамо"" и ""Петровский парк"". Многократный победитель премий European Property Awards и Urban Awards, а также на протяжении пяти лет остается самым продаваемым проектом в своем сегменте. Premium-living Консьержи предугадывают желания резидентов и "
b05,cian_331631956,"Москва, улица Сокольнический Вал, 2Ас1",38889691,3,79.9,,"","Продаётся 3-комнатная квартира 79.94 м² в жилом комплексе Солос (бизнес-класс) рядом с парком Сокольники. Квартиру отличают панорамное остекление, потолки 3.2 м, улучшенная шумо и воздухоизоляция. Дом сдаётся в 4 квартале 2029 года, продажи проходят через эскроусчета. Подземный паркинг, коворкинг, закрытая благоустроенная территория с фонтаном и артобъектами. Гибкие условия покупки. Ключевые преимущества: — Расположение в одном из самых популярных районов старой Москвы, рядом с одним из крупнейших парков столицы — ""Сокольники"". — До парка 2 минуты пешком. — Удобный выезд на Третье транспортное"
b05,cian_331650486,"Москва, жилой комплекс Алиа, 4-й квартал, блок Ривер 1, к2",39358158,2,65.1,,"","Продаётся 2-комнатная квартира 65.1 м². В премиальном квартале Алиа Элайв на 10-м этаже 42-этажного дома. Одна из самых ярких и впечатляющих частей жилого района Алиа — премиальный квартал Алиа Элайв. Это две башни LIGHTHOUSE от бюро APEX на первой береговой линии Москвы-реки с закрытым внутренним двором, детскими и спортивными площадками. Во всех квартирах — высокие потолки и панорамные окна, из которых открываются вдохновляющие виды на реку и зеленые массивы парков. Среди редких форматов — квартиры с террасой, двухуровневые квартиры и пентхаусы. У башен помимо собственных лобби и подземного "
b05,cian_331954589,"Россия, Москва, Серебрянический переулок, 4с1",39500000,2,46.5,,"","Уникальный апартамент с отдельным входом и цветущим садом под окнами в историческом центре Москвы. Дом расположен в пешей доступности до парка Зарядье, Кремлевской набережной, Китай-городской стены, Таганской площади, Знаменитого дома на Котельнической набережной и причала для корабликов. Тут тихо и спокойно, не проезжий переулок, мало машин и туристов. Дом построен в 1813 году, перекрытия ж/б (подтвердим фотографиями скрытых работ). Уникальное место, уникальный дом со своей историей, высокими потолками и тихими видами из окон. В доме снимали фильм Место встречи изменить нельзя. В 2025 году бы"
b05,cian_324325469,"Москва, Ленинградский проспект, 37/8",39528000,2,54.9,,"","Жилой квартал Prime Park воплощает все преимущества premium-living. Престижная локация на Ленинградском проспекте, 37: - 5 мин. от Тверской улицы, Патриарших прудов и Белой площади, - 20 мин. до аэропорта ""Шереметьево"" или ""Москва-Сити"", - 4 парка — Ходынское поле, Петровский и Чапаевский парки, Березовая роща, - 4 станции метро — ""ЦСКА"", ""Аэропорт"", ""Динамо"" и ""Петровский парк"". Многократный победитель премий European Property Awards и Urban Awards, а также на протяжении пяти лет остается самым продаваемым проектом в своем сегменте. Premium-living Консьержи предугадывают желания резидентов и "
b05,cian_327703661,"Москва, проспект Генерала Дорохова, 49",39900000,2,54.0,,"","Предлагается стильная 2-комнатная квартира с дизайнерским ремонтом в современном жилом комплексе бизнес-класса Will Towers, расположенном в престижном районе Раменки. Квартира находится на 16 этаже, благодаря чему из панорамных окон открываются красивые виды и в пространство поступает максимум естественного света. Потолки 3,2 метра усиливают ощущение простора и создают лёгкую, воздушную атмосферу. Интерьер выполнен в спокойной пастельной гамме, где каждая деталь продумана для комфортной жизни и отдыха после насыщенного дня. Функциональная планировка: -мастер-спальня с собственной гардеробной -"
b05,cian_329792465,"Москва, Шоссейная улица, 4Д",39932156,4,97.3,,"","В динамично развивающемся районе Москвы, всего в 300 метрах от метро и в пешей близости от нового городского порта с протяженной набережной 13 км, свободной от автомобилей, продается 4-комнатная квартира площадью 97.30 м². без отделки. Квартира находится в корпусе жилого комплекса бизнес-класса ""Адмирал"", расположенного по адресу г. Москва, ул. Шоссейная, 4Д. (Застройщик - ""Галс Девелопмент""). Новый амбициозный проект ""Адмирал"" станет частью одного из самых перспективных районов будущего - ""Сити-2"". В пешей доступности от современных башен Вас ждут живописные Люблинские пруды, 2 усадьбы с уник"
b05,cian_332627999,"Россия, Москва, улица Генерала Глаголева, 14Ак1",40000000,2,61.4,,"","Продается просторная и современная 2-комнатная квартира общей площадью 61,4 кв. м в новостройке 2023 года. Квартира находится на 35-м этаже 49-этажного монолитного дома, что обеспечивает захватывающие виды из окон, выходящих на улицу. Высокие потолки 3,2 метра добавляют ощущение простора и свободы. До станции метро ""Бульвар Генерала Карбышева"" всего 4 минуты пешком, что крайне удобно для жителей мегаполиса. Квартира оформлена по дизайнерскому проекту: элегантный интерьер, качественные материалы и современная мебель. Просторная кухня площадью 14 кв. м станет отличным местом для семейных обедов "
b05,cian_326599816,"Москва, Благовещенский переулок, 5",40900000,2,62.0,,"","Лот 1000232. Светлана Алиева. Продается 2-х комнатная квартира с хорошим свежим качественным ремонтом в историческом центре Москвы, в Благовещенском переулке. Расположена на 4 этаже 8-этажного кирпичного дома, потолки 3 метра. Квартира уютная, светлая и солнечная. Окна смотрят во двор, в квартире очень тихо. Общая площадь 62 кв.м. Спальня со встроенным шкафом для хранения на всю стену, большая просторная гостиная и отдельная кухня со всторенной мебелью. Один совмещенный санузел с ванной, кондиционер и бойлер. Квартира полностью меблирована, всё остается. Дом кирпичный, хорошая тепло- и звукоиз"
b05,cian_309287208,"Москва, Северо-Западный административный округ, район Покровское-Стрешнево, жилой комплекс Примавера",41098010,1,52.9,,"","Клубный город на реке ""Примавера"" — это современный жилой комплекс премиум-класса, расположенный на первой береговой линии Москвы-реки в экологически чистом районе Покровское-Стрешнево. Под панорамными окнами квартир находится собственный экопарк с продуманной сетью прогулочных дорожек и современными детскими и спортивными площадками. За парком расположена набережная с собственным пляжем и зонами для отдыха. Клубный город на реке ""Примавера"" предлагает широкий выбор планировок для различных жизненных сценариев: от просторных однокомнатных квартир до пентхаусов и жилых помещений с террасами и п"
b05,cian_332527141,"Москва, ЖК Родина Парк, к1",41237164,3,69.1,,"","Продается 3-комнатная квартира 69.1 м² на 2 этаже ЖК Родина Парк. Особенности: - Эргономичная кухня-гостиная - Лоджии - Мастер-спальня - Окна на 2 стороны Родина Парк: экосистема для семьи, где растут и дети, и ваши возможности. Премиальный семейный кластер на западе Москвы, с трех сторон окруженный крупнейшим в столице природным заказником - ""Долина реки Сетунь"", вблизи Кутузовского проспекта. ""Родина Парк"" - это единственный в столице жилой квартал с собственной экосистемой для развития, здоровья и творчества, где всё подчинено главной цели: дать человеку условия для развития - физически, пр"
b05,cian_331646058,"Россия, Москва, Октябрьская улица, 38к4",41500000,2,55.2,,"","Предлагается к продаже уникальная квартира для истинных эстетов — атмосферная, с безупречным дизайнерским ремонтом в фундаментальном кирпичном доме. Это редкая возможность приобрести статусное, готовое для жизни пространство с благородной винтажной эстетикой, избежав долгих лет ремонта. Квартира полностью готова к проживанию и укомплектована мебелью, светом и техникой премиум-класса. Грамотная европейская планировка без нарушений несущих конструкций. Воздух, обилие естественного света и высокие потолки с изящной лепниной.: -Кухня-гостиная: просторное, светлое пространство, мягко зонированное э"
b05,cian_332383419,"Москва, Северо-Западный административный округ, район Покровское-Стрешнево, жилой комплекс Примавера",41570250,2,64.5,,"","Клубный город на реке ""Примавера"" — это современный жилой комплекс премиум-класса, расположенный на первой береговой линии Москвы-реки в экологически чистом районе Покровское-Стрешнево. Под панорамными окнами квартир находится собственный экопарк с продуманной сетью прогулочных дорожек и современными детскими и спортивными площадками. За парком расположена набережная с собственным пляжем и зонами для отдыха. Клубный город на реке ""Примавера"" предлагает широкий выбор планировок для различных жизненных сценариев: от просторных однокомнатных квартир до пентхаусов и жилых помещений с террасами и п"
b05,cian_311814270,"Россия, Москва, Усачёва улица, 62",41621330,1,35.6,,"","Продаются апартаменты в Хамовниках. Полный ремонт, меблированная кухня и ванная комната. Договор купли-продажи, быстрая сделка, ключи в день покупки. Апартаменты готовы к заселению. Взрослый собственник - представитель девелопера (всё надёжно и прозрачно). В помещении никто не прописан и еще никто не жил. Инвестиционная привлекательность, 1-комн помещения в этом комплексе сдаются за 200 000 р/мес. Осталось всего 2 лота с компактным метражом. Параметры: — Общая площадь: 35.6 м² — Отделка: дизайнерский ремонт — Высокие потолки: 3,2 м — Планировка: 1 - комнатная — 5 этаж Ремонт выполнен в нейтрал"
b05,cian_319197367,"Москва, Огородный проезд, 4/7к3",41727007,3,85.6,,"","Продаётся 3-комнатная квартира площадью 85.56 кв.м на 4 этаже 46 этажного корпуса Монте Бьянко в квартале небоскребов ""Апсайд Тауэрс"". В квартире предчистовая отделка,с видом на Корпус Олимп, корпус Эльбрус, Бизнес-парк Останкино, прогулочный бульвар, детский сад, школу. Номер квартиры Г0413. На первых этажах корпуса Монте Бьянко разместятся: фитнес студия, салон красоты, центр превентивной медицины, образовательные классы, книжный магазин, аптека, фермерская лавка, а также келлеры для хранения сезонных вещей. В приватном закрытом дворе разместятся разнообразные площадки для прогулок, игр и от"
b05,cian_309287803,"Москва, Северо-Западный административный округ, район Покровское-Стрешнево, жилой комплекс Примавера",41912100,2,64.5,,"","Клубный город на реке ""Примавера"" — это современный жилой комплекс премиум-класса, расположенный на первой береговой линии Москвы-реки в экологически чистом районе Покровское-Стрешнево. Под панорамными окнами квартир находится собственный экопарк с продуманной сетью прогулочных дорожек и современными детскими и спортивными площадками. За парком расположена набережная с собственным пляжем и зонами для отдыха. Клубный город на реке ""Примавера"" предлагает широкий выбор планировок для различных жизненных сценариев: от просторных однокомнатных квартир до пентхаусов и жилых помещений с террасами и п"
b05,cian_327034281,"Москва, Шелепихинская набережная, 34к2",41999999,2,100.0,,"","Лот 57299. Виктория Шевцова. Эксклюзивно от Apple Real Estate. Двухуровневая квартира с потолками 4,4 м в ЖК ""Сердце Столицы"" — формат лофта для жизни или аренды. Если вы ищете не ещё одну квартиру, а пространство с характером — это тот случай. Это не первый этаж - это высокий третий, где окна выходят в тихий и уютный двор без машин, наполненный тишиной. О квартире: — Двухуровневый формат с высотой потолков 4,4 м; — Просторная кухня-гостиная ~41 кв.м.; — Отдельная мастер-спальня на втором уровне; — Гардеробные и продуманное хранение; — Дизайнерский ремонт, полностью укомплектована мебелью и те"
b05,cian_324575017,"Москва, улица Сокольнический Вал, 2Ас1",42054926,3,99.0,,"","Продаётся 3-комнатная квартира 98,97 м² в жилом комплексе Солос (бизнес-класс) рядом с парком Сокольники. Квартиру отличают панорамное остекление, потолки 3.2 м, улучшенная шумо и воздухоизоляция. Дом сдаётся в 4 квартале 2029 года, продажи проходят через эскроусчета. Подземный паркинг, коворкинг, закрытая благоустроенная территория с фонтаном и артобъектами. Гибкие условия покупки. Ключевые преимущества: — Расположение в одном из самых популярных районов старой Москвы, рядом с одним из крупнейших парков столицы — ""Сокольники"". — До парка 2 минуты пешком. — Удобный выезд на Третье транспортное"
b05,cian_329713933,"Москва, проезд Серебрякова, 11к2",42366264,4,100.4,,"","4-комнатная квартира площадью 100,4 кв.м., расположенная на 2 этаже 53-этажного небоскреба бизнес-класса это именно то, что вы ищете! AFI Tower — это не просто жилой комплекс. Это место, где каждая деталь заботливо продумана, чтобы сделать вашу жизнь удивительной и комфортной. Транспортная доступность - AFI Tower расположен близко к проезду Серебрякова, что обеспечивает быстрый доступ к Третьему Транспортному Кольцу и МКАД. За 15 минут можно легко добраться до ключевых транспортных магистралей в зависимости от дорожной ситуации. - В пешей доступности находятся станции метро ""Свиблово"" и ""Ботан"
b05,cian_331899891,"Россия, Москва, Шелепихинская набережная, 40к1",42500000,3,63.0,,"","Дорогие покупатели! Вашему вниманию предлагается трехкомнатная квартира в Жилом комплексе бизнес-класса ""Sydney City"" (Сидней Сити). Жилой комплекс расположен на первой линии Шелепихинской набережной в районе Хорошево-Мневники, одном из самых экологически чистых и престижных районов Москвы. Квартира полностью меблирована, с дизайнерским ремонтом и ВИДОМ на Москва реку! О КВАРТИРЕ: высокие потолки, панорамное остекление, выполнена система приточной вентиляции и встроенного кондиционирования (фанкойлы). Из крана течёт ПИТЬЕВАЯ вода, очищенная до ввода в квартиру. Квартира полностью меблирована, "
b05,cian_331887067,"Москва, Южный административный округ, Даниловский район, микрорайон Г, жилой комплекс Форивер, 11",43410000,2,58.0,,"","Готовая и просторная квартира площадью 57,9 м2. Окна кухни-гостиной и спальни обращены в сторону приватного видового двора. Удобная планировка позволит разместить спальню с гардеробной и кухню-гостиную. Высокие потолки увеличат объём квартиры, создадут ощущение простора и свободы. На собственной лоджии вы воплотите любую задумку: сможете устроить зону с барбекю, зелёный сад с мягкой мебелью или пространство для йоги"
b05,cian_330773471,"Россия, Москва, улица Генерала Ермолова, 4",43900000,3,69.3,,"","Код объекта: 2201861. Ваш новый дом у Парка Победы: простор, свет и история в сталинском кирпичном доме! Представляем вашему вниманию уютную и светлую трехкомнатную квартиру, расположенную в престижном районе столицы, всего в двух шагах от живописного Парка Победы. Дом, построенный в 1958 году по надежной сталинской технологии из кирпича, сам по себе является частью истории и гарантирует превосходную шумо- и теплоизоляцию. Общая площадь квартиры составляет 69,3 квадратных метра, что обеспечивает комфортное проживание для всей семьи. Продуманная планировка включает три изолированные комнаты (16"
b05,cian_327564269,"Москва, Козихинский Б. пер, 17стр1",44000000,2,54.3,,"","Номер объекта: 543527. Уютная и тихая 2-комнатная квартира площадью 54.3 кв.м с качественной отделкой в доходном доме 1905 года постройки, расположенном у Патриарших прудов. Квартира расположена на высоком 3 этаже. Пять больших окон обращены в сторону двора и исторических построек района. Высокие потолки 3.6 метра. Капитальный ремонт был выполнен в 2008 году с заменой всех коммуникаций и установкой сплит-системы кондиционирования Fujitsu. Квартира полностью готова к проживанию, укомплектована мебелью и бытовой техникой (Miele, Electrolux). В доме всего 21 квартира, 1 подъезд, установлен лифт, "
b05,cian_331129885,"Москва, Варшавское шоссе, 141В",44444046,4,103.8,,"","Продаётся 4-комнатная квартира 103.8 кв.м. в МФК ""Варшавские ворота"" на 9-м этаже 30 этажного дома. МФК ""Варшавские ворота"" — это точка баланса между природой и городом, стилем и функциональностью, жизнью сегодня и устойчивым будущим. Коротко о важном: - Дом сдан! Идет выдача ключей! - 1 минута пешком от м. Аннино; - Удобные выезды на Варшавское шоссе и МКАД; - Высота потолков 2,7 - 3 м; - Закрытый двор-парк; - Школы и детские сады в 10-15 минутах пешком от дома; - Технические лоджии для размещения кондиционеров; - Подземный паркинг; - РГ-Девелопмент — ТОП-20 крупнейших застройщиков Москвы. Пр"
b05,cian_331599422,"Москва, 3-я Гражданская улица, 21",44556327,4,110.4,,"","САМАЯ ВЫГОДНАЯ ЦЕНА — ТОЛЬКО ДО 31.08! Семейная ипотека от 6% и увеличенная скидка ждут вас до 31 августа. Не упустите! Детали уточняйте у менеджера. Продается просторная и светлая квартира площадью 110,4 кв. м. на 19 этаже в современном ЖК Парковый Квартал СЕЛФ. Квартира без отделки — ваша возможность создать идеальное пространство по индивидуальному проекту. Жилая площадь - 71,4 кв. м., кухня 20,3 кв. м., высокие потолки 6 м, 4 комнаты, 2 санузла, гардеробная, панорамные виды на 3 стороны. Парковый Квартал СЕЛФ - современная архитектура от бюро WALL, продуманные планировки, безопасная закрыт"
b05,cian_332520875,"Москва, улица Ивана Франко",44720509,3,83.2,,"","Цены указаны с условием 100% оплаты и стандартной ипотеки. Продаётся 3-к. квартира номер 303 общей площадью 83.17 кв.м. на 33-м этаже 44 этажного дома в жилом комплексе бизнес-класса ""Индиво"" от девелопера FORMA. ЖК расположен в 5 минутах от Кутузовского проспекта, в историческом районе Кунцево, с панорамным видом на Москва-Сити, МГУ и Живописный мост. Основные преимущества проекта: • Пешая доступность до хаба ""Кунцевская"" (10 минут). • 5 мин. до проспектов Кутузовского и Багратиона — главных транспортных артерий западного направления столицы. • Дом трёх высот: 44, 12 и 30 этажей • Виды на баш"
b05,cian_331617753,"Москва, проезд Берёзовой Рощи, д.12",44900000,3,94.0,,"","Сотрудничаем с агентами, звоните, уважаемые коллеги! Евро-трехкомнатная квартира в ЖК ""Гранд-Парк"" на Ходынке. Выполнена отделка в современном стиле, с элементами ар-деко с применением дорогих натуральных материалов. В гостиной основной точкой притяжения является вставка из цельного оникса с подсветкой. На полу американский орех. Планировка: объединенная зона кухни-гостиной, основная спальня с гардеробной комнатой , вторая спальня (детская) , большая ванная комната 9 кв.м, постирочная , которую легко можно переоборудовать во второй с/у. Квартира оборудована всей необходимой бытовой техникой. В"
b05,cian_332547312,"Россия, Москва, улица Академика Волгина, 2",44990000,3,62.0,,"","Вашему вниманию представляется квартира в ЖК бизнес-класса Архитектор площадью 62 кв. метра и высокими потолками 3.10 метров чистоте, с продуманной планировкой и с готовым дизайнерским ремонтом по дизайн проекту. В квартире установлена приточно-вытяжная система вентиляции (Фанкойл) Haier в трех комнатах. Вся зона плитки в квартире - с подогревом, в двух санузлах стоит система антипротечек, установлен проточный водонагреватель, столешницы из искусственного камня, напольное покрытие паркетная доска, межкомнатные двери скрытого монтажа высотой 2300. Ремонт в квартире завершили в июле 2026 года. В"
b05,cian_331407278,"Москва, Садовая-Сухаревская ул., 8/12",45000000,2,55.0,,"","Предлагается к продаже двухкомнатная квартира после капитального ремонта. Кирпичный дом в стиле ""Сталинский ампир"". Построен в 1940 году для ведомственных сотрудников и артистов Большого театра. Квартира продаётся без мебели и бытовой техники. Планировка: - спальня - гостиная - зона кухни - совмещённый с/у - прихожая - французский балкон Качественный ремонт. Перепланировка согласована и узаконена. - новая электрика и сантехника. - на полу паркет из натурального дерева. - новые стеклопакеты Stratophone. - отреставрированные деревянные межкомнатные двери. Встроенные шкафы в спальне, прихожей и г"
b05,cian_331771823,"Москва, Хорошёво-Мнёвники район, Нижние Мневники ул., д.16, к.2",45000000,2,75.6,,"","Предлагаем к покупке комфортабельную квартиру в премиальном жилом комплексе ""Остров"". Этот вариант станет идеальным выбором для ценителей высокого качества жизни, современных архитектурных решений и уютной атмосферы. О квартире: квартира без отделки, что позволит с нуля воплотить самые дерзкие дизайнерские решения. Предусмотрено два сан узла, высокие потолки. ОСТРОВ — флагманский проект от компании ДОНСТРОЙ на западе Москвы. Премиальные дома в окружении реки и 650 га природных парков, суперсовременная самодостаточная инфраструктура, продуманные общественные пространства, инновационные и эколог"
b05,cian_329430261,"Россия, Москва, улица Нижние Мнёвники, 16к4",45000000,3,71.1,,"","Эксклюзив агентства PEOPLE Просторная видовая квартира с высокими потолками 3.6м на 2 спальни в ЖК Остров. Идеальное пространство для уютной жизни в комплексе бизнес-класса: Площадь: 71.1 м² Этаж: 22 Локация: ЖК Остров, Район: Хорошёво-Мнёвники, Москва Просторная квартира со свободной планировкой в одном из самых востребованных жилых комплексов Москвы Остров. Квартира станет идеальным выбором для ценящих комфорт, пространство и благоприятное расположение с высокой транспортной доступностью. ФУНКЦИОНАЛЬНАЯ ПЛАНИРОВКА: - Кухня-гостиная - Мастер-спальня с ванной комнатой и гардеробной - Спальня/д"
b05,cian_332683997,"Россия, Москва, проспект Генерала Дорохова, 49",45500000,2,55.0,,"","2-комн. 55 м² в Will Towers с мебелью — заезжайте и живите. МЦД Матвеевская в 5 минутах Башня Creativity, 18 этаж. Раменки, пр-т Генерала Дорохова, 49. Бизнес-класс по проекту бюро SPEECH Сергея Чобана. Дом сдан и заселён — никаких ожиданий и рисков. Панорамный вид на МГУ, Раменки и закаты. Окна Schuco в пол высотой 2,7 м — вид становится частью интерьера в любое время суток. Тихая сторона комплекса. Планировка — авторская, 55 м² работают как 70+: • Изолированная спальня с собственной гардеробной • Вторая комната — кабинет или спальня, можно объединить с кухней-гостиной • Вторая гардеробная, с"
b05,cian_331420359,"Россия, Москва, Донская улица, 27к2",45570000,3,80.0,,"","Номер лота: 102110. 469 метров до метро ""Шаболовская"" 6 минут пешком. Дом. Кирпичный, пятиэтажный, всего 20 квартир и один подъезд. Закрытый двор, парковка для жителей. Квартира. 80 м², потолки 3 метра. Перепланировок не было — пространство не тронуто, можно делать под себя с нуля. Потенциал. Планировка не тронута с момента постройки — три изолированные комнаты, несущие стены по периметру. Внутренние перегородки можно менять. Из этой квартиры можно сделать просторную евродвушку с большой гостиной-кухней 27 м², классическую трёшку с тремя спальнями, или открытое пространство с мастер-спальней 3"
b05,cian_318815971,"Россия, Москва, Шмитовский проезд, 39к6",45600000,3,94.0,,"","Продаётся 3-комнатная квартира евроформата в ЖК HEADLINER, общей площадью 94 кв.м., на 3 этаже, Без отделки. Высота потолков 3,4 м. 2 санузла. Просторная кухня-гостиная. Ниша для гардеробной. Окна в квартире выходят на разные стороны. Квартира готова к продаже: ключи получены, собственность оформлена, 1 собственник, полная сумма в договоре, возможна ипотека, 1 Собственник, квартира покупалась за наличные. Основные преимущества: - ЖК сдан в 2025 - Удобное расположение: близко метро, МЦД и центр города - 8 минут пешком до станции метро Шелепиха, Деловой Центр и Москва-Сити Большая кухня-гостиная"
b05,cian_325691206,"Москва, Береговой проезд, 2",45899136,3,80.0,,"","Прогнозный рост стоимости +50% в течение 2,5 лет.* Река. Парк. Сити. Готовый дом в идеальном месте. Продается 3-комнатная квартира на 15-м этаже с панорамным остеклением и видом на парковый массив Фили - открытая перспектива без риска высокоэтажной застройки перед окнами. Приезжайте на персональную презентацию, чтобы оценить бескомпромиссную панораму вживую. • Просторная кухня-гостиная с окнами в пол - много света, направления всех окон на юг. • Мастер-спальня с ванной и гардеробной - собственное пространство для ваших бьюти-рутины. • Несколько ванных комнат - гостевая ванная или организация ф"
b05,cian_327237453,"Россия, г. Москва, Генерала Дорохова пр-т, д. 39, корп. 1",46000000,3,73.0,,"","201669 ЖК Собрание клубных домов West Garden Откройте для себя новый уровень комфортной жизни Представляем вашему вниманию великолепную трехкомнатную квартиру в современном жилом комплексе премиум-класса WEST GARDEN место, где городская роскошь встречается с природной гармонией. Пространство для жизни Функциональная планировка с продуманными пропорциями Просторные светлые комнаты с панорамным остеклением Высокие потолки, создающие ощущение простора Преимущества комплекса: Благоустроенная территория с ландшафтным дизайном Собственный парк и прогулочные зоны Подземный паркинг с прямым доступом к"
b05,cian_324325468,"Москва, Ленинградский проспект, 37/8",46443600,3,67.9,,"","Жилой квартал Prime Park воплощает все преимущества premium-living. Престижная локация на Ленинградском проспекте, 37: - 5 мин. от Тверской улицы, Патриарших прудов и Белой площади, - 20 мин. до аэропорта ""Шереметьево"" или ""Москва-Сити"", - 4 парка — Ходынское поле, Петровский и Чапаевский парки, Березовая роща, - 4 станции метро — ""ЦСКА"", ""Аэропорт"", ""Динамо"" и ""Петровский парк"". Многократный победитель премий European Property Awards и Urban Awards, а также на протяжении пяти лет остается самым продаваемым проектом в своем сегменте. Premium-living Консьержи предугадывают желания резидентов и "
b05,cian_332315975,"Москва, Дубининская улица, 28",46448701,3,70.2,,"","Продаётся 3-комнатная квартира 76, площадью 70,23 м², на 2 этаже в ЖК ""Павелецкая от Гранель"" корпус 1. Стоимость — от 46448701 руб. Квартира без отделки, планировка угловая, окна во двор. Квартиры бизнес-класса в жилом комплексе ""Павелецкая от Гранель"" в Замоскворечье от застройщика. ""Павелецкая от Гранель"" — жилой комплекс бизнес-класса в историческом Замоскворечье, в 600 метрах от Садового кольца. Здесь современная архитектура и приватная территория сочетаются с насыщенной городской средой центра Москвы — рядом театры, музеи, рестораны, галереи и знаковые культурные пространства столицы. Ар"
b05,cian_328042888,"Россия, Москва, Хорошёвское шоссе, 25Ак2",46500000,2,63.0,,"","Продается современная квартира в новом жилом комплексе ""Династия"", на Хорошёвском шоссе, 25Ак2. Квартира площадью 63 кв. м находится на 21-м этаже 24-этажного дома, построенного в 2020 году. Высокие потолки и большие окна, выходящие во двор, создают ощущение простора и света. До станции метро ""Полежаевская"" всего 9 минут пешком. В квартире сделан дизайнерский ремонт, что позволяет сразу заехать и жить с комфортом. Просторная кухня площадью 14 кв. м полностью оборудована современной техникой. Комнаты уютно обставлены качественной мебелью, а в санузле установлена стильная сантехника. Дом оборудо"
b05,cian_332392985,"Москва, Береговой проезд, 2",46840269,3,83.7,,"","Прогнозный рост стоимости +50% в течение 2,5 лет.* Река. Парк. Сити. Готовый дом в идеальном месте. Продается 3-комнатная квартира на 13-м этаже с панорамным остеклением и видом на парковый массив Фили - открытая перспектива без риска высокоэтажной застройки перед окнами. Приезжайте на персональную презентацию, чтобы оценить бескомпромиссную панораму вживую. • Просторная кухня-гостиная с окнами в пол - много света, направления всех окон на юг. • Мастер-спальня с ванной и гардеробной - собственное пространство для ваших бьюти-рутины. • Несколько ванных комнат - гостевая ванная или организация ф"
b05,cian_328969127,"город Москва, переулок Орлово-Давыдовский, дом 2/5, корпус 3",46900000,4,145.9,,"","Id 389226. Вид из окон на дворец с парком ! Рассмотрим ваше предложение!. Делимся комиссией! Прямой представитель собственника. Из окон открывается красивый вид на Городскую усадьбу ""Ольгинка"". Двухуровневая квартира для семьи, ЦАО, общей площадью 145,9 кв. м. Высокие потолки 3 метра. На первом уровне (90 кв. м) расположены три изолированных спальни, просторная кухня 15 кв.м , есть гардеробная и санузел с ванной. На втором уровне квартиры (55 кв. м) с двумя окнами вы сможете воплотить свои творческие идеи, есть второй санузел.. Наличие двух санузлов обеспечивает комфортное проживание для семьи"
b05,cian_309288293,"Москва, Северо-Западный административный округ, район Покровское-Стрешнево, жилой комплекс Примавера",48144150,3,74.7,,"","Клубный город на реке ""Примавера"" — это современный жилой комплекс премиум-класса, расположенный на первой береговой линии Москвы-реки в экологически чистом районе Покровское-Стрешнево. Под панорамными окнами квартир находится собственный экопарк с продуманной сетью прогулочных дорожек и современными детскими и спортивными площадками. За парком расположена набережная с собственным пляжем и зонами для отдыха. Клубный город на реке ""Примавера"" предлагает широкий выбор планировок для различных жизненных сценариев: от просторных однокомнатных квартир до пентхаусов и жилых помещений с террасами и п"
b05,cian_327419705,"Россия, Москва, Новорязанская улица, 26с1",48300000,3,99.0,,"","ID 41061. Настоящий 3-уровневый лофт в клубном доме. В отделке лофта использованы натуральный кирпич, испанская плитка, натуральное дерево, ковка ручной работы, стекло и бронза. 10 мансардных окон с системой открывания и полного затемнения. Лестницы и полы из массива дуба, итальянская мебель и сантехника, новая бытовая техника лучших производителей, сплит-системы с охлаждением, подогревом забором и фильтрацией наружного воздуха, тёплые полы, конвектора отопления с электронной системой управления, камин, система вентиляции, высокоскоростной интернет 5G, видеодомофон. Общая площадь: 122 кв. м. П"
b05,cian_325112510,"Москва, проезд Серебрякова, 11к2",48350276,4,115.1,,"","4-комнатная квартира площадью 115,1 кв.м., расположенная на 26 этаже 53-этажного небоскреба бизнес-класса это именно то, что вы ищете! AFI Tower — это не просто жилой комплекс. Это место, где каждая деталь заботливо продумана, чтобы сделать вашу жизнь удивительной и комфортной. Транспортная доступность - AFI Tower расположен близко к проезду Серебрякова, что обеспечивает быстрый доступ к Третьему Транспортному Кольцу и МКАД. За 15 минут можно легко добраться до ключевых транспортных магистралей в зависимости от дорожной ситуации. - В пешей доступности находятся станции метро ""Свиблово"" и ""Бота"
b05,cian_324839501,"Москва, Береговой проезд, 5к2",48500000,3,93.0,,"","Лот 59562. Дунаевская Анна. Предлагаются трёхкомнатные апартаменты с дизайнерским ремонтом в ЖК бизнес-класса ""Фили Град"". Панорамное остекление, высокие потолки, видовой этаж. Организация пространства: большая кухня-гостиная (36 кв.м.), установлена красивая и вместительная мебель с большими удобными полками, есть два встроенных холодильника ""Neff"", микроволновка, духовой шкаф, большая посудомойка и варочная панель ""Bosch"", вытяжка, а настроение добавляет прекрасный винный шкаф ""Libhof"". В гостиной с красивыми люстрами есть биокамин, уютнейший диван, который не хочется покидать, журнальный сто"
b05,cian_329366315,"Россия, Москва, Орлово-Давыдовский переулок, 2/5к3",48800000,4,146.0,,"","Номер лота: 101129. Просторная двухуровневая квартира в центре Москвы — редкое предложение. Продаётся 4-комнатная квартира площадью 146 м² в тихом центре Москвы, в районе с исторической застройкой — Мещанский район, в пешей доступности от метро ""Проспект Мира"". Уникальная планировка: — 2 уровня: полноценный нижний этаж + второй уровень 55 м²; — 3 изолированные комнаты + просторная кухня; — Дополнительное пространство под кабинет / мастер-спальню / зону отдыха; — 2 санузла. Преимущества квартиры: — потолки 3 м — много света и воздуха; — окна во двор и на зелёный сад — тишина в центре города; — "
b05,cian_330207395,"Москва, 1-й Сетуньский проезд, 8",48900000,2,50.0,,"","Квартира с одной спальней общей площадью 50 м² в комплексе премиум-класса ""Хайд"" на западе Москвы. Дизайн интерьера оформлен в стиле современного минимализма. Все детали отделки и интерьера подобраны с должным вниманием. Заменены все внутренние системы застройщика, предусмотрены датчики протечки , фильтры глубокой очистки. Для круглогодичного тепла в доме предусмотрена система теплый пол от Electrolux , а также возможность регулирования температуры конвекторов. А мульти-сплит система Haier с возможностью подключения к wi-fi, и удаленным доступом позволит вам с комфортом регулировать прохладу. "
b05,cian_331526499,"Россия, Москва, Шелепихинская набережная, 34к1зд4",49500000,2,69.8,,"","Продается просторная полноценная 2-комнатная квартира на Шелепихинской набережной, 34к1зд4. Общая площадь квартиры составляет 69.8 кв. м (по выписке из ЕГРН), жилая площадь — 38.7 кв. м, кухня — 16 кв. м. Квартира расположена на 10 этаже 19-этажного дома. Высокие потолки (3.2 метра) создают ощущение простора и свободы. Окна выходят на улицу и во двор, что обеспечивает максимум света и тишину. До станции метро ""Шелепиха"" всего 13 минут пешком. В сентябре 2026 года открывается станция метро Звенигородская 5-6 минут пешком. Квартира с дизайнерским ремонтом, который делали для себя, с индивидуальн"
b05,cian_331612712,"Россия, Москва, Шелепихинская набережная, 34к1зд4",49500000,3,72.8,,"","Продается просторная евро 3-комнатная квартира расположенная по адресу: Москва, Шелепихинская набережная, 34к1зд4 Общая площадь составляет 72.8 кв. м (69,8 кв. м + лоджия 3 кв.м), жилая площадь — 38.6 кв. м, кухня — 15 кв. м. Квартира находится на 10 этаже 19-этажного дома. Высокие потолки 3.5 метра создают ощущение простора. Квартира с дизайнерским ремонтом, ремонт делали для себя, поэтому он выполненным с использованием современных, качественных материалов, на полу где плитка - теплый пол, установлена приточная вентиляция, в квартире прохладно из-за кондиционирования в спальне и детской комн"
b05,cian_324944297,"Россия, Москва, Большой Козихинский переулок, 7",49500000,3,56.6,,"","Предлагается трехкомнатная квартира 56,6 м², расположенная в историческом районе города. Пространственное решение включает просторную кухню-столовую, две уютные спальни, функциональную ванную комнату и вместительный коридор. Классический стиль ремонта, выполненный по авторскому дизайн проекту, подчеркивает элегантность пространства и создает атмосферу уюта. В квартире установлена высококачественная мебель, соответствующая стилистическому решению помещения. Современная бытовая техника обеспечивает комфорт проживания и удобство эксплуатации жилья. Наличие специального винного холодильника позвол"
b05,cian_331907295,"Москва, Старый Петровско-Разумовский проезд, 1",49572930,3,86.2,,"","Продаётся 3-комнатная квартира 86.2 кв.м. в ЖК ""Петровский парк II"" на 19 этаже 24 этажного дома. ЖК ""Петровский парк II"" - жилой комплекс в Савёловском районе, где город ощущается иначе. Здесь история и масштаб Москвы не давят, а задают фон для спокойной, уверенной жизни рядом с центром. Это место, где статус читается не в громких формулировках, а в окружении, архитектуре и ощущении пространства. Коротко о важном: • Район с глубоким историческим контекстом и парковым окружением; • 5 минут пешком до метро ""Динамо"", рядом с деловой и культурной жизнью города; • Редкое сочетание: энергия мегапол"
b05,cian_331881824,"Россия, Москва, Шмитовский проезд, 39к6",49700000,3,82.0,,"","В продаже квартира с новым дизайнерским ремонтом и мебелью 82 кв.м., расположенная в ЖК Хедлайнер на 10м этаже. Планировка: комфортная евро-3 с двумя изолированными комнатами 14 кв.м. и 15 кв.м., просторной кухней-гостиной - 22 кв.м, гардеробными и двумя санузлами. Дизайн проект выполнен в стиле минимализм с использованием современных материалов. Вся мебель и техника входит в стоимость объекта недвижимости - холодильник, стиральная машина, сушильная машина, посудомоечная машина, духовой шкаф, микроволновая печь, варочная поверхность, кондиционеры. Окна квартиры во двор. В ваннах установлен теп"
b05,cian_327134528,"Россия, Москва, Кутузовский проезд, 4",49999999,4,115.3,,"","О ДОМЕ: кирпичный дом 1936 года постройки в престижном районе Москвы. О КВАРТИРЕ: прекрасная квартира с отличными видовыми характеристиками, окна ориентированы на панораму Бородинской битвы и часовню. За счет высоких потолков много воздуха и света, дизайнерский ремонт с использованием дорогих материалов. Полы паркет, в санузлах теплый пол. Кухня укомплектована мебелью и техникой MIELE, варочная панель оснащена грилем, установлена акустическая система Bang & Olufsen. Функциональной планировкой предусмотрено: - просторная кухня соединенная с просторной гостиной _ две изолированные спальни - каби"
b05,cian_331438349,"Россия, г. Москва, Береговой пр-д, д. 2",50000000,3,74.4,,"","210696 ЖК Береговой Продается видовая евро-3 квартира в ЖК премиум-класса ""Береговой-2"" с панорамным видом на Москву-реку. Квартира расположена на 15 этаже 26-этажного современного дома и обладает одной из самых востребованных характеристик комплекса — прямой вид на воду с высоты, обеспечивающий приватность, свет и ощущение пространства. Общая площадь — 74,4 м². Функциональная планировка в формате евро-3: • просторная кухня-гостиная с панорамным остеклением • мастер-спальня с возможностью организации собственного санузла и гардеробной • вторая изолированная спальня • второй санузел • зона хран"
b05,cian_331597285,"Россия, Москва, Шелепихинская набережная, 34к5",50000000,3,84.0,,"","Пентхаус 84м² с лучшими видами в комплексе бизнес-класса Сердце столицы. Квартира мечты с продуманной семейной планировкой и великолепными видами из больших окон. Правильная геометрия пространства обеспечивает свободу зонирования. Спланируйте 2 спальни, кухню и гостиную или же 3 спальни и кухню, а также 2 санузла. Угловое расположение и шесть окон на 2 стороны света наполняют квартиру превосходным естественным светом в течение дня. Отсутствие над потолком лифтового и вентиляционного оборудования, и меньше соседей за вашими стенами, обеспечивают приватность. 41 этаж, Вы выше всех и только на ва"
b05,cian_332344218,"Россия, Москва, Шелепихинская набережная, 34к1зд4",53000000,2,74.1,,"","Показы в эту пятницу вечером, после 20:00 (07 августа) Продается просторная 2-комнатная квартира в современном жилом комплексе Сердце столицы, расположенном в районе Хорошево-Мненивниками, пешком до мцк Шелепиха 10минут, метро Шелепиха 8 минут, в сентябре 2026 года открывается новая станция метро Звенигородская, 3 минуты от дома. Общая площадь квартиры составляет 74,1 кв. м (без учета лоджии, которая находится в спальне), жилая площадь — 39 кв. м, а кухня совмещенная с гостиной — роскошные 20 кв. м. Квартира находится на 15 этаже 19-этажного дома, что обеспечивает великолепные виды из окон, вы"
b05,cian_331645214,"Россия, Москва, ЖК Остров, 6-й квартал, 12к6с1",53500000,4,81.0,,"","Удачная планировка и красивые закатные виды в квартире 80м² в живописном комплексе Остров. Отсутствие несущих стен открывает полную свободу для любых дизайнерских решений: организуйте 2-3 спальни с идеальным разделением пространства и большую кухню-гостиную, с потрясающими видами на закаты. Лоджия в теплое время года, без сомнения, станет вашей любимой изюминкой квартиры. 4 панорамных окна в пол наполняют квартиру естественным светом и открывают потрясающие виды на природу Суворовского и Москворецкого парков. Высокие потолки 3,2м расширяют пространство. Каждая деталь здесь продумана с заботой "
b05,cian_331685830,"Москва, Гродненская улица, вл18",54240250,3,60.1,,"","Продается просторная квартира площадью 60,1 м² в корпусе ""Созидание"" клубного дома ""Кутузов Сити"". На этаже будет расположено всего четыре квартиры, и это одна из них. Планировка квартиры продумана до мелочей и позволяет создать комфортное пространство для жизни и эффективно использовать каждый квадратный метр. В изолированной мастер-спальне предусмотрена ванная комната и выделена зона для гардероба. Кухня-столовая с террасой — это сердце дома, где удобно готовить, работать или просто отдыхать. А просторная терраса станет главным преимуществом квартиры. Здесь можно организовать персональную зо"
b05,cian_332917508,"Россия, Москва, Ленинский проспект, 38Ак1",54500000,2,50.7,,"","ID: 8657. Эксклюзив. Красивая, стильная и очень светлая квартира с новым ремонтом. Роскошные панорамные окна. Функциональная и грамотная планировка: -кухня-столовая-гостиная, -спальня со своим санузлом, -гостевой санузел, -постирочный блок, -большая прихожая, -много мест для хранения вещей. Высокие потолки - 3,2 м. Уникальный авторский дизайн-проект. Квартира полностью укомплектована мебелью и техникой ведущих мировых производителей: Smeg, Asko, Samsung, Omoikiri. Пол: паркетная доска - натуральный дуб, плитка - с подогревом, тюль и гардины с электроприводом. Централизованная система вентиляци"
b05,cian_326934423,"Москва, Колобовский 1-й пер., 8",55000000,3,77.0,,"","К покупке предлагается 3-х комнатная, светлая квартира в кирпичном доме, с высокими потолками - 3,2 м. Дом расположен в легендарном историческом центре Москвы с современной развитой инфраструктурой. Текущей планировкой предусмотрено: - гостинная; - 2 изолированные спальни; - прихожая; - 2 с/у - ванная комната ; Парковка во дворе, под шлагбаумом. Великолепное расположение. Исторический центр города. Все рядом — в пешей доступности: театры, музеи, школы, магазины, рестораны, прогулочные зоны. Отличная транспортная доступность В нескольких минутах ходьбы станции метро: Трубная, Цветной бульвар. 1"
b05,cian_332402059,"Россия, Москва город, улица Садовая-Каретная, дом 20, строение 2",55000000,3,80.0,,"","80 м² | потолки 3 м | центр Москвы Цветной бульвар — пешком Спальня с двуспальной кроватью, шкаф, гардеробная зона Вторая комната — кабинет / детская / спальня Множество гардеробных зон в квартире Ванная с душевой, биде и зоной прачечной Кухня-гостиная с обеденной группой Закрытый двор Рядом сад Эрмитаж Лучшие кафе и рестораны вокруг Тихо, уютно, статусно Квартира реализуется как арендный бизнес. На момент продажи в ней проживают арендаторы по действующему договору аренды, который сохраняет силу при смене собственника"
b05,cian_328765557,"Россия, Москва, улица Петра Кончаловского, 7к3",55000000,4,100.0,,"","Пентхаус 117м² по полу с террасой в комплексе бизнес-класса Шагал. Второй уровень с террасой делают квартиру по-настоящему особенной. Каждый метр полезен - легко разместить 2-3 спальни и просторную кухню-гостиную. Второй уровень - ваша личная открытая терраса, созданная для моментов, которые хочется проживать не спеша: утренний кофе на свежем воздухе или теплые вечера под открытым небом. Высокие потолки 3,1м расширяют пространство, а 5 панорамных окон наполняют квартиру естественным светом. Лучший дом, благодаря расположению внутри комплекса и удаленности от дорог дарит главное - тишину. Архит"
b05,cian_328438362,"Москва, Шлюзовая набережная, 2/1с1",55567800,1,53.8,,"","В элитном жилом комплексе ""Монблан"" на Шлюзовой набережной в Замоскворечье напрямую от девелопера ГК ""Галс-Девелопмент"" представлена 1-комнатная квартира квартира на 2 этаже общей площадью 53.80 м². Квартира предлагается без отделки. ""Монблан"" - элитный жилой комплекс в сердце Замоскворечья, в уникальном месте Москвы. Проект расположен в хорошо знакомом месте, напротив Дома музыки, прямо у воды. Поездка от жилого комплекса до Кремля займёт 10 минут по живописным историческим набережным города. Неординарные архитектурные формы, разработанные бюро ""СПИЧ"", манят взгляды к этому уникальному дому. "
b05,cian_325484664,"Москва, Центральный административный округ, Дубининская улица",57837717,4,103.3,,"","Продаётся 4-комнатная квартира 501, площадью 103,30 м², на 2 этаже в ЖК ""Павелецкая от Гранель"" корпус 2. Стоимость — от 57837718 руб. Квартира без отделки, планировка угловая, окна во двор. Квартиры бизнес-класса в жилом комплексе ""Павелецкая от Гранель"" в Замоскворечье от застройщика. ""Павелецкая от Гранель"" — жилой комплекс бизнес-класса в историческом Замоскворечье, в 600 метрах от Садового кольца. Здесь современная архитектура и приватная территория сочетаются с насыщенной городской средой центра Москвы — рядом театры, музеи, рестораны, галереи и знаковые культурные пространства столицы. "
b05,cian_332624821,"Россия, Москва, Тихвинский переулок, 7с1",57900000,3,96.0,,"","Пpeдлaгаетcя к пpодаже проcтоpная тpехкoмнaтная квартиpa в тиxoм цeнтре Мocквы пo aдpесу: Tиxвинский пepеулoк, д. 7, корп. 1. Этo не прoстo жильe, а чаcть культурного нaследия — киpпичный дoxoдный дoм, возведeнный в 1903 году. B нaчалe 90-x в дoмe проведeнa пoлная рeкoнструкция дoмa: зaмeнили деревянные перекрытия на железобетонные, заменили внутридомовые коммуникации, установили лифт. Здание сохранило атмосферу старой Москвы, при этом находится в эпицентре современной столичной жизни. Преимущества объекта: • Историческая ценность: Массивные кирпичные стены, обеспечивающие идеальную тепло- и з"
b05,cian_330663366,"Москва, улица Верхняя, дом 20, корпус 1",58000000,1,46.0,,"","Квартира с 1 спальней общей площадью 46 м² в комплексе премиум-класса ""Суббота"". Квартира с отделкой расположена в малоэтажной секции на 5 этаже. Интерьер выполнен как европейский проект: итальянская дизайнерская мебель, сантехника Boheme, высокие двери и потолки 3,1 метра создают ощущение объема и воздуха. В квартире всё продумано с инженерной точностью: сценарии света, системы хранения, пропорции пространства. Планировка включает кухню-гостиную с обеденной и ТВ-зонами, спальню с эркерным окном, ванную комнату и холл с постирочной зоной. Из окон открывается вид на благоустроенную территорию к"
b05,cian_329613796,Россия   Москва   Тихвинский 7с1,58500000,3,96.0,,"","Предлагается к продаже просторная трехкомнатная квартира в тихом центре Москвы по адресу: Тихвинский переулок, д. 7, корп. 1. Это не просто жилье, а часть культурного наследия — кирпичный доходный дом, возведенный в 1903 году. В начале 90-х в доме проведена полная реконструкция дома: заменили деревянные перекрытия на железобетонные, заменили внутридомовые коммуникации, установили лифт. Здание сохранило атмосферу старой Москвы, при этом находится в эпицентре современной столичной жизни. Преимущества объекта: • Историческая ценность: Массивные кирпичные стены, обеспечивающие идеальную тепло- и з"
b05,cian_329925621,"Россия, Москва, Ленинградское шоссе, 25к3",59000000,4,136.9,,"","Продается уникальная квартира 136,9 м² в престижном районе у Покровского-Стрешневского парка Вашему вниманию предлагается редкий по площади и наполнению лот в современном монолитном доме бизнес-класса (2012 г.п., высота потолков 3 метра). Квартира расположена с живописным видом на природно-исторический парк Покровское-Стрешнево уникальную зеленую зону с вековыми соснами, каскадом прудов и благоустроенными набережными. Каждый день из окон открывается панорама, напоминающая загородный пейзаж, хотя до центра считаные минуты. Пространство для жизни: 3 просторные спальни идеальное решение для семьи"
b05,cian_332865472,"Россия, Москва, Полтавская улица, 18",59000000,4,95.0,,"","Номер в базе: 13637332. 4 КОМНАТЫ В СТАЛИНКЕ В Р-НЕ САВЕЛОВСКИЙ ДОКУМЕНТЫ: - 1 взрослый собственник - полная стоимость в ДКП - ДКП более 15 лет - без обременений - выписка перед сделкой О КВАРТИРЕ: - 4-комнатная квартира с качественным ремонтом, поменяли всё от пола до потолка, включая коммуникации (стеклопакеты из Германии, вся мебель выполнена на заказ из массива дерева) - распашная - очень тихо - балкон на 2 квартиры - этаж 2/6 - всего 2 квартиры на площадке (12 квартир в подъезде) - потолки 3.2 метра - ремонт в стиле прованс - вид на 2 стороны дома - 2 санузла - укомплектована техникой: ко"
b05,cian_329664613,"Москва, Хорошёво-Мнёвники район, Нижние Мневники ул., д.7, к.1",59000000,3,76.0,,"","Предлагается к продаже редкая по расположению, светлая квартира без ремонта в премиальном корпусе у реки площадью 76 м² на 18 этаже 21-этажного монолитного дома. Прямая продажа, все документы готовы — сделка пройдет быстро. Возможна ипотека на выгодных условиях. Квартира с классической европланировкой: общая жилая площадь 32.3 м², кухня 16.6 м², высокие потолки 3.2 м обеспечивают ощущение простора. Планировка — смежно-изолированная, два совмещенных санузла. Окна с панорамным видом на гребной канал и парк Крылатское. Подходит под самостоятельный ремонт и дизайн — вы можете обустроить жилье по с"
b05,cian_332287682,"Россия, Москва, Шмитовский проезд, 39к6",59700000,4,96.0,,"","В продаже квартира с новым дизайнерским ремонтом и мебелью 96 кв.м., расположенная в ЖК Хедлайнер на 22м этаже. Планировка: комфортная евро-4 с тремя изолированными комнатами 12, 14 кв.м. и 16 кв.м., просторной кухней-гостиной - 22 кв.м и двумя санузлами. Дизайн проект выполнен в стиле минимализм с использованием современных материалов. Вся мебель и техника входит в стоимость объекта недвижимости - холодильник, стиральная машина, сушильная машина, посудомоечная машина, духовой шкаф, микроволновая печь, варочная поверхность, канальный кондиционер. Окна квартиры во двор. В ваннах установлен тепл"
b05,cian_332893806,"Россия, Москва, улица Годовикова, 11к5",59990000,3,97.5,,"","Продается роскошная квартира в малоэтажной секции жилого комплекса Бизнес-класса I love- гармоничное сочетание комфорта, статуса, уюта и продуманной функциональности. Планировочное решение выстроено с вниманием к деталям и приватности. Просторная гостиная с зоной кухни формирует центральное пространство квартиры- идеальное для жизни, встреч и приема гостей. Приватный мастер -блок включает спальню, гардеробную и собственный санузел с ванной, создавая автономную зону для отдыха и восстановления. Две дополнительные изолированные комнаты могут стать детской, кабинетом или второй и третьей спальней"
b05,cian_331555125,"Москва, Мосфильмовская улица, 11К2",59999000,4,112.8,,"","Номер лота: 100284. К продаже предлагается 4-комнатная квартира общей площадью 112,8 м² на 11 этаже 12- этажного кирпичного дома в одном из самых комфортных и престижных районов Западного округа. Дом, построенный в 1972 году. Квартира в хорошем состоянии, с отличной планировкой: просторные смежно-изолированные комнаты, кухня, 2 большие лоджии, высокие потолки. Дом строился для высших военных чинов! В доме постоянно находится консьерж. Подъезд очень чистый, порядочные и доброжелательные соседи. Инфраструктура: Инфраструктура района: в шаговой доступности детский сад, школа, поликлиника, суперма"
b05,cian_329663473,"Москва, Никитский Бульвар, 12",61000000,2,60.4,,"","ID 63776. ЖК Никитский бульвар 12. Великолепная 2-комнатная квартира с современным интерьером в легендарном фасадном доме на Никитском бульваре. Качественная отделка выполнена по эксклюзивному дизайн проекту в нежных и теплых оттенках. Квартира укомплектована итальянской мебелью Minotti, на кухне - бытовая техника Miele. Установлена аудио- и видеосистемы от Bang & Olufsen. Большие окна с тройными стеклопакетами наполняют жилое пространство дневным светом, а высокие потолки придают еще большее ощущение простора. Дом после полной реставрации. В пешей доступности расположены известные театры и му"
b05,cian_329564371,"Россия, г. Москва, Пятницкая ул., д. 9/28, стр. 3",61200000,3,73.0,,"","200960 Редкая видовая 3-комнатная квартира 73 кв.м на Пятницкой улице в историческом Замоскворечье, в 5 минутах пешком от метро Новокузнецкая. Планировка: прихожая,гостиная, две спальни, кухня, ванная комната, раздельный санузел. Главные преимущества квартиры: высокие потолки 3,75 м, окна на две стороны света, виды на колокольню храма Иоанна Предтечи, Храм Христа Спасителя, МИД, Москва-Сити и крыши исторического центра Москвы. Дом кирпичный, малоквартирный, 1910 года постройки, индивидуальный проект. Один подъезд, есть лифт. Для жителей предусмотрена парковка во дворе за шлагбаумом. Дом не ава"
b05,cian_332611001,"Россия, Москва, улица Крылатские Холмы, 7к2",62000000,4,145.7,,"","Представляем вашему вниманию просторную 4-комнатную квартиру с дизайнерским ремонтом в престижном районе Москвы. Общая площадь квартиры составляет 145.7 кв. м, а кухня занимает 18.7 кв. м, что позволит комфортно разместить всю семью. Квартира расположена на 7 этаже 10-этажного дома, построенного в 1997 году. Высокие потолки в 3 метра придают помещениям ещё больше света и воздуха. В квартире есть всё для комфортного проживания. Дизайнерский ремонт выполнен с использованием качественных материалов, что создает атмосферу уюта и стиля. Планировка продумана до мелочей: просторные комнаты, совмещенн"
b05,cian_292333432,"Москва, Мосфильмовская улица, 70к1",62000000,4,144.0,,"","ID 23872 Предлагается 4-комнатная квартира в ЖК Воробьевы горы. Квартира имеет свободную планировку, высокие потолки, что позволяет создать жилое пространство на любой вкус. Функциональная планировка предполагает кухню-гостиную, 3 спальни, 2 санузла. Комплекс находится под круглосуточной охраной, сигнализацией, системой видеонаблюдения. Удобная транспортная доступность и развитая инфраструктура района сделают проживание в квартире еще более комфортным."
b05,cian_331823260,"Москва, жилой комплекс Алиа, 4-й квартал, блок Ривер 1, к2",62764520,3,91.0,,"","Продаётся 3-комнатная квартира 91 м². В премиальном квартале Алиа Элайв на 33-м этаже 42-этажного дома. Одна из самых ярких и впечатляющих частей жилого района Алиа — премиальный квартал Алиа Элайв. Это две башни LIGHTHOUSE от бюро APEX на первой береговой линии Москвы-реки с закрытым внутренним двором, детскими и спортивными площадками. Во всех квартирах — высокие потолки и панорамные окна, из которых открываются вдохновляющие виды на реку и зеленые массивы парков. Среди редких форматов — квартиры с террасой, двухуровневые квартиры и пентхаусы. У башен помимо собственных лобби и подземного па"
b05,cian_329567543,"Москва, Садовническая улица, 29",63000000,2,60.4,,"","Лот 1000304. Аристов Евгений. Апартамент в ""Балчуг Резиденс"": роскошь в центре Москвы Общая площадь 60,4 кв.м. - Планировка: кухня-гостиная с техникой, обеденная зона, спальня с ванной, гостевой санузел, гардеробная. - Особенности: панорамные окна, высокие потолки, система вентиляции и кондиционирования. - Инфраструктура: гостевая зона, места для хранения велосипедов/колясок, лифты к двухуровневому паркингу, закрытая охраняемая территория с озеленением. В пешей доступности парк Зарядье, Гостиный Двор, Красная площадь, ГУМ, ЦУМ и другие знаковые места. Идеальный выбор для тех, кто ценит престиж"
b05,cian_331607422,"Москва, Москва, улица Новый Арбат, 15",63000000,2,64.0,,"","Есть адреса, которые не продаются — они выбираются. Новый Арбат, 15 — один из них. Центр Москвы, где статус измеряется не метрами до метро, а видом из окна и ощущением пространства. Апартаменты 64 м² | 12 этаж из 26 — 2 изолированные комнаты — Кухня 10 м² — Лоджия + балкон — Панорамное остекление — Потолки 4,5 метра — редкое ощущение воздуха и масштаба в центре города — Современная отделка в спокойной, премиальной эстетике Пространство, в которое не нужно въезжать с ремонтом — сюда заезжают жить. Почему этот объект выделяется: — Один из самых престижных адресов Москвы — Панорамные виды на цент"
b05,cian_331940205,"Москва, Новинский б-р., 11",63000000,3,80.0,,"","Предлагается просторная трёхкомнатная квартира в центре Москвы. Доходный дом был построен в 1912 году по заказу князя Щербатова. Здание относится к стилю русского неоклассицизма и имеет статус объекта культурного наследия федерального значения. Проект здания был удостоен первой премии и золотой медали конкурса лучших построек, проведённого городской управой в 1914 году. Планировка: - 2 спальни - просторная гостиная - отдельная кухня - гардеробная - совмещённый с/у Высокие потолки - 3.2 м. Качественный дизайнерский ремонт. Вся техника и мебель премиальных брендов остаётся новому собственнику. Б"
b05,cian_331887165,"Москва, Южный административный округ, Даниловский район, микрорайон Г, жилой комплекс Форивер, 2",64650000,3,125.0,,"","Готовая и просторная квартира площадью 124,8 м2. Окна квартиры обращены в сторону приватного двора и в сторону нового спортивного комплекса имени Э.А. Стрельцова. Продуманная планировка позволяет разместить три спальни и просторную кухню-гостиную. Высокие потолки увеличат объём квартиры, создадут ощущение простора и свободы."
b05,cian_332251665,"Россия, Москва, Шелепихинская набережная, 34к5",64900000,4,84.0,,"","Под Авансом до 20.08. Предлагается на продажу 4-комнатная квартира в ЖК бизнес класса Сердце Столицы с выполненным дизайнерским ремонтом. В квартире продуманная планировка и высокие потолки (3 м), которые дарят ощущение легкости и свободы: Просторная кухня-гостиная, кухня выполнена из натурального шпона с каменной столешницей - травертин, встраиваемая бытовая техника (Liebherr, Bosch) винный шкаф, фильтры питьевой воды. 3 раздельные спальни: Мастер спальня со своим с/у и гардеробной. спальня кв.м с встроенными шкафами и панорамным угловым остеклением. спальня/ кабинет с встроенными шкафами Гос"
b05,cian_324931374,"Россия, Москва, улица Вильгельма Пика, 1",65000000,4,121.0,,"","Просторная квартира 121м² с потрясающими видами на ВДНХ и Ботанический сад, отделкой White Box и редкой планировкой в ЖК Режиссер. Редкое и единственное планировочное решение в формате White Box. Создайте ваше идеальное пространство - просторную кухню-гостиную, 3 спальни и гардеробную мечты с естественным освещением. Высокие потолки 3.2м и радиусное остекление усиливают ощущение простора и наполняют квартиру дневным светом. 6 больших окон на 2 стороны света открывают потрясающую панораму на огни и фонтаны ВДНХ и утопающий в зелени Ботанический сад. Заражайтесь энергий рассветов над кронами дер"
b05,cian_331569319,"г Москва, ул Нижние Мнёвники, д 7 к 6",66990000,3,92.9,,"","Арт. 94983183. Полная цена в договор! Остров-4, корпус 6, ключи на руках, собственность оформлена. Окна выходят на три стороны. Вид на Серебряный бор, воду и красивый пешеходный мост через реку. Уютная евро 3х-комнатная квартира с террасой в премиальном квартале Остров ждет будущего владельца. Потолки 3,1 м. Квартира без отделки. Функциональная планировка: - 2 изолированные спальни, - просторная кухня, - 2 санузла, 1 из них с окном, - собственная терраса. Возможно воплотить в жизнь эргономичную планировку (см. на фото) с объединенной кухней-гостиной, двумя изолированными спальнями, двумя сануз"
b05,cian_331630675,"Москва, Спартаковская ул., 6",67000000,4,98.0,,"","Предлагается 4-комнатная видовая квартира в кирпичном сталинском доме. Планировка: - большая гостиная - 3 спальни - кухня - 2 санузла - 2 балкона и лоджия. Высокие потолки 3,5 метра. Отличные виды. Окна на 2 стороны. В квартире выполнен качественный ремонт. Презентабельный подъезд. Парковка во дворе под шлагбаумом. Свободная продажа. Обременений нет."
b05,cian_331594856,"Москва, улица Шумкина, 18с2",67421600,4,118.7,,"","В семейном жилом квартале, расположенном в окружении более 500 га леса и объектов исторического наследия, продается 4-комнатная квартира площадью 118.70 кв. м без отделки. Квартира расположена на 6 этаже 22-этажного корпуса 2.2 жилого квартала бизнес-класса КОД Сокольники от девелопера Новая Эра. Отличная транспортная доступность - 3 мин. пешком до станции МЦД-3 ""Митьково""; - 7 мин. пешком до станции метро ""Сокольники""; - Удобный выезд на Русаковскую улицу; - 5 мин. на авто до ТТК; - 15 мин. на авто до Садового кольца. Продуманный архитектурный проект - Выразительная архитектура, созданная бюр"
b05,cian_332859275,"Москва, Беговой район, Верхняя ул., д.20, к.1",67500000,3,70.0,,"","Представляем Вашему вниманию двухуровневую квартиру общей площадью 70 м² в ЖК премиум-класса ""Суббота"" с отделкой white box на последнем этаже в клубной 6-ти этажной секции и высокими потолками 4,5м. Возможная планировка: 1 этаж - просторная кухня-гостиная, спальня, санузел, холл с местами для хранения, 2 этаж - просторная мастер спальня с большой гардеробной или кабинетом. Благодаря панорамному остеклению квартира наполнена естественным светом. Из окон открывается вид в сторону Ленинградского шоссе. На крыше корпуса обустроена большая открытая терраса с панорамными видами на Москву с лаунж зо"
b05,cian_327956251,"Москва, 1-я Брестская улица, 33с1",69600000,2,125.0,,"","Лот 53318. Максим Горшков. Эксклюзив. Свободная продажа. 2-комнаты, 2 этаж 7 этажного здания 1906 года постройки. Кирпичный дом. Пол: паркет. Общая площадь 125 кв.м. Спален - 1. Совмещенных санузлов - 2 (душевая с турецкой сауной). Пассажирских лифтов - 1. Окна выходят и на улицу, и во двор. Высота потолков - 3.4 м. Была сделана перепланировка квартиры. Основание права собственности - купля-продажа от 2001 года, владельцев - 1. Несовершеннолетних собственников нет. Прописан 1 человек. Дизайн квартиры выполнен в стиле industrial loft. Дизайнерская кухня-трансформер из нержавеющей стали с мини х"
b05,cian_330662422,"Москва, Тараса Шевченко набережная, 5",69900000,3,75.0,,"","Продается трехкомнатная квартира с дизайнерским ремонтом в сталинском доме позднего периода застройки в районе Дорогомилово (ЗАО). Дом настоящая жемчужина архитектуры, с богатой историей и знаменитыми жильцами. В квартире выполнен новый дизайнерский ремонт из дорогих, премиальных материалов. Функциональная Планировка. Просторная кухня-гостиная. В квартире 2 санузла, 2 гардеробные зоны. В одной из спален свой мастер блок, со своим санузлом и гардеробом. Мебель изготовлена под заказ. На полу паркетная доска. Высокие потолки 3,2 м. Консьерж. Планировка узаконена. Виды на набережную и во двор. На "
b05,cian_327263882,"Москва, Космодамианская набережная, 4/22",70000000,2,49.0,,"","Квартира с 1 спальней общей площадью 49 м² в клубном доме делюкс-класса ""Космо 4/22"". Квартира без отделки расположена на 2 этаже в корпусе ""Река"". Свободная планировка позволяет организовать пространство по собственному усмотрению. Возможная планировка: кухня-гостиная, спальня, ванная комната, гардеробная и прихожая. Благодаря панорамным окнам пространство наполнено естественным светом и теплом, открываются виды на территорию комплекса. Главное о доме. ""Космо 4/22"" — 6-этажный клубный дом делюкс-класса на ""Золотом острове"" Балчуг. Историческая кирпичная кладка 1901 года скрыта за фасадом из к"
b05,cian_331945397,"Москва, Малая Филёвская улица, 46",70151300,2,64.3,,"","Двухкомнатная велнес-резиденция площадью 64.3 кв. м. на 10 этаже с видом на двор в доме премиум-класса Springs. В квартире выполнена чистовая дизайнерская отделка. Резиденция наполнена светом и воздухом, благодаря панорамному остеклению и высоким потолкам. На первом этаже дома расположены: - фитнес-центр с бассейном; - СПА с хаммамом; - бьюти-зона с массажным кабинетом. - ресторан. Все сервисы доступны исключительно для резидентов. Всего в 2 минутах ходьбы от дома находится заповедный парк Фили — прекрасное место для спокойного и активного отдыха. Зеленый массив, набережная, велотропы и открыт"
b05,cian_332527158,"Москва, ЖК Родина Парк, к1",70994823,4,86.1,,"","Продается 4-комнатная квартира 86.1 м² на 10 этаже ЖК Родина Парк. Особенности: - Просторная кухня-гостиная - 2 лоджии - Мастер-спальня с ванной комнатой - Окна на две стороны Родина Парк: экосистема для семьи, где растут и дети, и ваши возможности. Премиальный семейный кластер на западе Москвы, с трех сторон окруженный крупнейшим в столице природным заказником - ""Долина реки Сетунь"", вблизи Кутузовского проспекта. ""Родина Парк"" - это единственный в столице жилой квартал с собственной экосистемой для развития, здоровья и творчества, где всё подчинено главной цели: дать человеку условия для раз"
b05,cian_331943665,"Москва, Минская ул, 1Гк3",70999999,3,144.9,,"","id: 551356 ВНИМАНИЕ! Предлагаем вашему вниманию уютную , светлую 3х-комнатную квартиру в жилом комплексе премиум-класса ""Золотые Ключи 2"", общей площадью 163.3 кв.м. (с учетом балконов и лоджий) Квартира с современным ремонтом выполнена по индивидуальному дизайнерскому проекту с использованием экологически чистых материалов, что обеспечивает высокий уровень комфорта и безопасности для жизни. Планировка отличается уникальными решениями: две изолированные спальни, Кухня-гостиная, гардеробная, два санузла, две лоджии и балкон. Здесь вы найдете все необходимое для комфортного проживания. Жилой ком"
b05,cian_332833069,"Москва, Минская ул, 1Гк3",70999999,3,165.0,,"","id: 551415 ВНИМАНИЕ! Предлагаем вашему вниманию уютную , светлую 3х-комнатную квартиру в жилом комплексе премиум-класса ""Золотые Ключи 2"", общей площадью 163.3 кв.м. (с учетом балконов и лоджий) Квартира с современным ремонтом выполнена по индивидуальному дизайнерскому проекту с использованием экологически чистых материалов, что обеспечивает высокий уровень комфорта и безопасности для жизни. Планировка отличается уникальными решениями: две изолированные спальни, Кухня-гостиная, гардеробная, два санузла, две лоджии и балкон. Здесь вы найдете все необходимое для комфортного проживания. Жилой ком"
b05,cian_329787659,"Россия, Москва, проспект Генерала Дорохова, 39к2Г",71000000,3,75.3,,"","Номер лота: 97103. Идеальная квартира с премиальным ремонтом в статусном ЖК West Garden! Устали от компромиссов, ожидания ключей и строительной пыли? Представляем безупречный лот в престижных Раменках, где всё уже продумано до мелочей. Заезжайте прямо в день сделки и наслаждайтесь жизнью, о которой всегда мечтали! Пространство, созданное для вашего комфорта. Планировка идеально подстроится под Ваш ритм жизни — будь Вы амбициозная пара или современная семья. Сердце дома: просторная кухня-гостиная. Идеальное место для кулинарных шедевров, теплых семейных ужинов и стильных вечеринок. Две приватны"
b05,cian_330912061,"Россия, Москва, проспект Генерала Дорохова, д. 39, корп. 2Г",71000000,3,75.0,,"","3-комнатная квартира площадью 75 м² в престижном районе Раменки на западе Москвы Комфортная планировка включает в себя просторную кухню-гостиную, две спальни, два санузла и удобную прихожую. Квартира полностью готова к заселению, меблирована и укомплектована техникой. Выполнена качественная отделка по индивидуальному проекту из натуральных и дорогих материалов. Благодаря высоким потолкам и панорамным окнам, комнаты квартиры наполнены светом, простором и уютом. Лот находится на 12 этаже — из окон открываются живописные виды на благоустроенную территорию ЖК. О ЖК: West Garden — собрание клубных "
b05,cian_331685818,"Москва, Гродненская улица, вл18",72318750,4,101.5,,"","Продается простороная квартира площадью 101,5 м² в корпусе ""Созидание"" клубного дома ""Кутузов Сити"". Функциональная планировка квартиры идеально подойдёт для семьи. В квартире три изолированные комнаты, одна из которых — мастер-спальня с санузлом и отдельным помещением, которое можно адаптировать под гардеробную или небольшой кабинет. Просторная кухня-гостиная с террасой станет идеальным местом для семейных ужинов и приёма гостей. На террасе можно организовать зону отдыха или собственную летнюю веранду для завтраков. В общей сложности, в квартире предусмотрено три санузла. Одно из этих помещен"
b05,cian_331749377,"Москва, улица Сокольнический Вал, 2Ас1",74727277,4,133.3,,"","Продаётся 4-комнатная квартира 133,26 м² в жилом комплексе Солос (бизнес-класс) рядом с парком Сокольники. Квартиру отличают панорамное остекление, потолки 3.2 м, улучшенная шумо и воздухоизоляция. Дом сдаётся в 4 квартале 2029 года, продажи проходят через эскроусчета. Подземный паркинг, коворкинг, закрытая благоустроенная территория с фонтаном и артобъектами. Гибкие условия покупки. Ключевые преимущества: — Расположение в одном из самых популярных районов старой Москвы, рядом с одним из крупнейших парков столицы — ""Сокольники"". — До парка 2 минуты пешком. — Удобный выезд на Третье транспортно"
b05,cian_330998292,"Россия, Москва, Никитский бульвар, 25",75000000,3,72.5,,"","Уникальная квартира! С потрясающим видом! Пожалуй, с лучшим видом на Бульварном кольце, среди продаваемых квартир в 2026 году! Просторная, уютная трехкомнатная квартира с дизайнерским ремонтом, высокими потолками и итальянской мебелью. Планировка идеальна: комнаты изолированы, два санузла, гардеробная. Свет и Вид на две стороны: Квартира — редкая находка для ценителей солнечного света и городской эстетики. Окна выходят на две стороны: Вид 1: Спокойный вид на старинную Церковь ""Феодора Студита"" (историческое сердце района, домашняя церковь Александра Суворова). Купола создают неповторимый колор"
b05,cian_329047284,"Ленинградский проспект, 37/7",75000000,3,74.3,,"","Редкий формат клубного жилья в составе премиального жилого квартала в 5 км от Кремля с разнообразной инфраструктурой: рестораны, спортклуб с бассейном, груминг, аптека, химчистка, магазины. Малоэтажная секция - это минимум соседей, максимум приватности, отдельный лифт и выход на улицу. В квартире выполнен свежий ремонт. Прекрасные видовые характеристики, приточно-вытяжная вентиляция с тонкой фильтрацией, индивидуальное кондиционирование, очистка воды и воздуха. панорамные окна, высокие потолки. Сотрудники Валет паркинга бережно припаркуют Ваш автомобиль на подземный паркинг, портье откроет две"
b05,cian_330484661,"Москва, Толмачевский Ст. пер., 17с2",75000000,3,76.0,,"","Предлагаем Вашему вниманию 3 комнатную квартиру в пешей доступности от нескольких станций метро: ""Новокузнецкая""/""Третьяковская""/""Добрынинская"". Планировка подразумевает: холл, кухня-гостиная, спальня с вместительной гардеробной, изолированная детская, совмещенный санузел, кладовая. Окна выходят на 2 стороны-тишина! Высокие потолки 3,6 м. Современный, капитальный, дизайнерский ремонт в классическом стиле: двери - 2,4 м, штучный дубовый паркет: французская елка, материалы, техника, сантехника, мебель- ведущих западных брендов, стиль в каждой детали. Подъезд после кап.ремонта. Приличные соседи! "
b05,cian_329374743,"Москва, Ленинградский проспект, 37/8",76233328,4,108.0,,"","Жилой квартал Prime Park воплощает все преимущества premium-living. Престижная локация на Ленинградском проспекте, 37: - 5 мин. от Тверской улицы, Патриарших прудов и Белой площади, - 20 мин. до аэропорта ""Шереметьево"" или ""Москва-Сити"", - 4 парка — Ходынское поле, Петровский и Чапаевский парки, Березовая роща, - 4 станции метро — ""ЦСКА"", ""Аэропорт"", ""Динамо"" и ""Петровский парк"". Многократный победитель премий European Property Awards и Urban Awards, а также на протяжении пяти лет остается самым продаваемым проектом в своем сегменте. Premium-living Консьержи предугадывают желания резидентов и "
b05,cian_331823261,"Москва, жилой комплекс Алиа, 4-й квартал, блок Ривер 1, к1",78255270,4,109.5,,"","Продаётся 4-комнатная квартира 109.5 м². В премиальном квартале Алиа Элайв на 37-м этаже 39-этажного дома. Одна из самых ярких и впечатляющих частей жилого района Алиа — премиальный квартал Алиа Элайв. Это две башни LIGHTHOUSE от бюро APEX на первой береговой линии Москвы-реки с закрытым внутренним двором, детскими и спортивными площадками. Во всех квартирах — высокие потолки и панорамные окна, из которых открываются вдохновляющие виды на реку и зеленые массивы парков. Среди редких форматов — квартиры с террасой, двухуровневые квартиры и пентхаусы. У башен помимо собственных лобби и подземного"
b05,cian_329624264,"Москва, 1-й Красногвардейский проезд, дом 22, строение 2",79000000,2,83.0,,"","Видовые апартаменты площадью 83 м² в комплексе небоскрёбов премиум-класса ""Нева Тауэрс"" расположены на 36 этаже в башне 2. В планировке: кухня-гостиная, одна спальня, холл-прихожая с гардеробом. Высота потолков 3,5 м. Панорамные окна в пол выходят на север и запад - с лучшим видом на закаты. Отделка в стиле лофт выполнена с использованием премиальных материалов: стены — декоративная штукатурка и керамогранитные слэбы, в спальне — декоративные панели из натурального дерева, пол — инженерная доска. Система освещения поддерживает различные сценарии: контурный свет, мягкий приглушённый свет для ве"
b05,cian_331887094,"Москва, Южный административный округ, Даниловский район, микрорайон Г, жилой комплекс Форивер, 10",79180000,4,136.0,,"","Готовая и просторная квартира площадью 136,1 м2. Окна кухни-гостиной обращены в сторону Москвы-реки, с спален в сторону приватного видового двора. Продуманная планировка позволяет разместить три мастер-спальни и просторную кухню-гостиную. На собственной лоджии вы воплотите любую задумку: сможете устроить зону с барбекю, зелёный сад с мягкой мебелью или пространство для йоги. Высокие потолки увеличат объём квартиры, создадут ощущение простора и свободы."
b05,cian_330450299,"Россия, Москва, улица Нижние Мнёвники, 16к2",79900000,3,139.6,,"","Продается просторная трехкомнатная квартира в новом доме на улице Нижние Мнёвники, 16к2, всего в 5 минутах пешком от метро Терехово. Общая площадь квартиры составляет 139.6 кв. м, жилая площадь — 80.6 кв. м, а кухня впечатляющих размеров — 35 кв. м. Квартира расположена на 17 этаже 23-этажного дома, который был построен в 2024 году. Высокие потолки 3 метра обеспечивают ощущение простора и свободы. В квартире выполнен начальный этап дизайнерского ремонта. В каждой комнате установлены качественные материалы. Кухня оборудована мебелью. Есть мастер-спальня, большая гардеробная комната при входе. В"
b05,cian_310512836,"Россия, Москва, жилой комплекс Нова, к1",81500000,4,85.7,,"","Лучшая видовая квартира на московский гольф клуб и МГУ с дизайнерской отделкой (мебель в санузлах и кухня) ! Удобные условия оплаты от застройщика. Рассрочка 15%. Предлагается на продажу 4-комнатная квартира с отделкой в престижном районе Раменки, рядом с Парком Победы Функциональная планировка предусматривает просторную кухню-гостиную, три спальни и два санузла. Лот расположена на 23 этаже — из окон открываются потрясающие виды на город. Благодаря большим окнам и высоким потолкам 3,25 метров квартира наполнена светом. NOVA — премиальный жилой комплекс на берегу реки в престижном районе Раменк"
b05,cian_332979701,"Москва, Левобережный район, Фестивальная ул., д.15, к.4",82000000,4,124.5,,"","Арт. 142272054 Квартира на высоком 27 этаже с дизайнерским ремонтом в новом ЖК бизнес-класса Фестиваль Парк-2 О квартире: Потолки 3.1м Вид из всех окон в сторону Москва-реки Управление светом, шторами через приложение или голосом Сделан дизайнерский ремонт с использованием качественных материалов Просторная мастер-спальня со своим санузлом Два универсальных помещения под детскую или рабочий кабинет Большая кухня-гостиная 45м2 (встроенные индукционная варочная панель, духовой шкаф с СВЧ, посудомоечная машина, встраиваемый холодильник) с мягкой зоной Качественный керамогранит высотой до 3 метра "
b05,cian_328438400,"Москва, Шлюзовая набережная, 2/1с1",82791400,2,73.7,,"","В элитном жилом комплексе ""Монблан"" на Шлюзовой набережной в Замоскворечье напрямую от девелопера ГК ""Галс-Девелопмент"" представлена 2-комнатная квартира квартира на 4 этаже общей площадью 73.70 м². Квартира предлагается без отделки. ""Монблан"" - элитный жилой комплекс в сердце Замоскворечья, в уникальном месте Москвы. Проект расположен в хорошо знакомом месте, напротив Дома музыки, прямо у воды. Поездка от жилого комплекса до Кремля займёт 10 минут по живописным историческим набережным города. Неординарные архитектурные формы, разработанные бюро ""СПИЧ"", манят взгляды к этому уникальному дому. "
b05,cian_327867866,"Россия, Москва, Нижняя Красносельская улица, 35с49",83000000,4,129.0,,"","Редкий формат городской недвижимости — двухуровневые апартаменты 129 м² с собственной террасой и панорамными видами на Москву. Общая площадь апартаментов — 129 м², включая просторную террасу 48 м². Пространство организовано на двух уровнях и напоминает городской пентхаус: высокий второй свет, панорамные окна и выход на большую приватную террасу. С террасы открываются впечатляющие виды на центр Москвы и сталинские высотки. Это идеальное пространство для завтраков, ужинов с друзьями и отдыха на свежем воздухе. Планировка 1 уровень — 55 м² • просторная гостиная со панорамным видом • кабинет с кни"
b05,cian_332067922,"Москва, Нижняя Красносельская ул., 35, стр. 48",85000000,2,90.1,,"","ID 65257. Эксклюзив. Только в Intermark. ЖК ТриБека Апартментс (TriBeca Apartments). Роскошные двухуровневые видовые апартаменты в элитном ЖК Трибека Апартментс в Басманном районе ЦАО. Это уникальный опен спейс с впечатляющим панорамным видом и авторским высококачественным интерьером. Отличный готовый вариант как для собственного проживания, так и для офисного пространства. Главная архитектурная жемчужина панорамное окно 77 метров в гостиной. Оно превращает стену в невидимую границу, максимально наполняет пространство естественным светом и меняет само ощущение дома: вы живете внутри городского"
b05,cian_332979325,"Москва, Раменки район, Генерала Дорохова пр-кт., д.49",85000000,3,100.0,,"","Арт. 142272050 Пентхаус на последнем 52 этаже с дизайнерским ремонтом в новом ЖК премиум-класса Will Towers Корпус Energy О квартире: Потолки 3.5м в чистовом варианте с панорамными окнами, двери высотой 3 метра Вид в сторону Матвеевского леса Встроенная приточная система с канальным кондиционированием Управление светом, шторами через приложение или голосом Сделан евроремонт с использованием качественных материалов Просторная мастер-спальня со своим санузлом Универсальное помещение под детскую или рабочий кабинет Большая кухня-гостиная 42м2 (встроенные индукционная варочная панель Kuppersbusch,"
b05,cian_332603485,"Россия, Москва, 4-я улица Марьиной Рощи, 10к3",85000000,4,112.0,,"",Уникальное предложение в жилом комплексе бизнес-класса МОД! Финал ремонта - конец сентября 2026 года После завершения работ цена вырастет. Предлагается стильная евро-4 квартира площадью 112м² с просторной кухней-гостиной и шикарным мастер-блоком! Потолки 3м! Панорамные окна в пол! Завораживающие виды на ночной город! У застройщика такие квартиры были на 20-30% дороже. Особенности и преимущества: - Мастер-блок с отдельной гардеробной комнатой с окном - Две комнаты свободного назначения (детская/кабинет/гостевая) - под индивидуальный запрос вашей семьи - Две полноценные ванные комнаты с системой
b05,cian_331954309,"Москва, Ксеньинский пер., 3",85000000,4,180.2,,"","К продаже предлагается прекрасный апартамент - пентхаус в клубном доме, в одном из самых престижных районов столицы - Хамовниках. Всего 17 квартир в доме, что создает приватность и безопасность. В апартменте можно воплотить шикарный дизайн - проект. Особенности пентхауса: Потрясающие виды из окон в любое время года, на красивую Москву; Высокие потолки, много воздуха и света; Функциональная планировка: - Гостиная, с действующим дровяным камином; - Гостевой санузел; - Две спальные комнаты; - Кабинет для работы; - Собственный балкон, с потрясающим видом; Индивидуальный проект дома ""Ксеньинский"": "
b05,cian_330708830,"город Москва, Ломоносовский проспект, д. 29, корпус 3, квартира 138",88000000,3,113.0,,"","Квартира с 2 спальнями общей площадью 113 м² в комплексе премиум-класса ""Квартал Шуваловский"" в районе Раменки. Дизайн интерьера оформлен в классическом стиле. В отделке использовано натуральное дерево, гипсовые колонны, премиальный текстиль. Квартира укомплектована выполненной на заказ итальянской мебелью ""Соччи"" (Socci), мягкой мебелью ""Гранд"" и бытовой техникой. Двери из массива дерева, наборный паркет, люстры ""Мурано"". Планировка включает просторную кухню-столовую с обеденной зоной, мастер-спальню с выходом на лоджию, вторую спальню, ванную комнату, гостевой санузел и холл. Высота потолков"
b05,cian_322402466,"Москва, Ломоносовский пр-т, 36",88000000,4,100.7,,"","ID 64929. Эксклюзив. Только в Intermark. ЖК Счастье на Ломоносовском. Потрясающая 4-х комнатная квартира в новом элитном ЖК ""Счастье на Ломоносовском"". Окна на 3 стороны света, самый лучший тип планировки не только в рамках данного проекта, но и в принципе! Великолепные виды из окон - на МГУ, парковый ансамбль и Москва-Сити. Солнце движется вокруг квартиры: рассвет в кухне-гостиной, утреннее солнце в спальнях, закат в кабинете! Продуманная до мелочей и самая полная техническая начинка с лучшими инженерными решениями. Профессиональный дизайн проект и тех.надзор. В квартире заканчивается ремонт "
b05,cian_331644229,"Москва, Серебряническая набережная 7-11",88800000,3,74.0,,"","Просторные апартаменты с 2 спальнями общей площадью 74 м² в комплексе клубных особняков ""Титул на Серебрянической"". Угловые апартаменты с готовой отделкой расположены на 3 этаже в корпусе 1.1. Высота потолков 3,2 метра. Планировка: кухня-гостиная, мастер-спальня с ванной комнатой с окном, кабинет, который можно оборудовать как спальню, гостевой санузел, гардеробная. Окна ориентированы на две стороны света, с видом в Серебрянический переулок, во двор и в сторону набережной. Главное о доме. Коллекция из восьми клубных особняков высотой от семи до девяти этажей. Фасады собраны из юрского камня и "
b05,cian_331288646,"Россия, Москва город, переулок Плотников, дом 20/21",90000000,4,152.0,,"","Просторная квартира без ремонта в Плотниковом переулке (д. 20/21) — ваш шанс создать дом по собственным правилам. Расположение на 6м этаже и площадь 152 кв. м открывают широкие возможности: здесь хватит места и для просторной гостиной, и для нескольких спален, и для кабинета, и даже для гардеробной или домашней библиотеки. Почему это выгодное решение: Гибкость планировки. Без стен и отделки вы сами решаете, как распределить пространство — можно реализовать открытую концепцию или классическую схему с изолированными комнатами. Естественное освещение. Окна на 3 стороны гарантируют, что в квартире"
b05,cian_328438363,"Москва, Шлюзовая набережная, 2/1с1",90124000,2,88.0,,"","В элитном жилом комплексе ""Монблан"" на Шлюзовой набережной в Замоскворечье напрямую от девелопера ГК ""Галс-Девелопмент"" представлена 2-комнатная квартира квартира на 3 этаже общей площадью 88.00 м². Квартира предлагается без отделки. ""Монблан"" - элитный жилой комплекс в сердце Замоскворечья, в уникальном месте Москвы. Проект расположен в хорошо знакомом месте, напротив Дома музыки, прямо у воды. Поездка от жилого комплекса до Кремля займёт 10 минут по живописным историческим набережным города. Неординарные архитектурные формы, разработанные бюро ""СПИЧ"", манят взгляды к этому уникальному дому. "
b05,cian_321281477,"Москва, Чкаловский бульвар, 6к1",91738300,4,101.0,,"","Клубный город на реке ""Примавера"" — это современный жилой комплекс премиум-класса, расположенный на первой береговой линии Москвы-реки в экологически чистом районе Покровское-Стрешнево. Под панорамными окнами квартир находится собственный экопарк с продуманной сетью прогулочных дорожек и современными детскими и спортивными площадками. За парком расположена набережная с собственным пляжем и зонами для отдыха. Клубный город на реке ""Примавера"" предлагает широкий выбор планировок для различных жизненных сценариев: от просторных однокомнатных квартир до пентхаусов и жилых помещений с террасами и п"
b05,cian_332979327,"Москва, Раменки район, Генерала Дорохова пр-кт., д.49",92000000,2,102.4,,"","Арт. 142272053 Пентхаус на 49 этаже с дизайнерским ремонтом в новом ЖК премиум-класса Will Towers Корпус Creativity О квартире: Потолки 3.6м в чистовом варианте с панорамными окнами, двери высотой 3 метра Вид в сторону МГУ и Москва-Сити Встроенная приточная система с канальным кондиционированием Управление светом, шторами через приложение или голосом Сделан евроремонт с использованием качественных материалов Просторная мастер-спальня со своим санузлом Универсальное помещение под детскую или рабочий кабинет Большая кухня-гостиная 45м2 (встроенные индукционная варочная панель, духовой шкаф с СВЧ"
b05,cian_332979326,"Москва, Раменки район, Генерала Дорохова пр-кт., д.49",92000000,2,102.4,,"","Арт. 142272052 Пентхаус на предпоследнем 51 этаже с дизайнерским ремонтом в новом ЖК премиум-класса Will Towers Корпус Energy О квартире: Потолки 3.6м в чистовом варианте с панорамными окнами, двери высотой 3 метра Вид в сторону МГУ и Москва-Сити Встроенная приточная система с канальным кондиционированием Управление светом, шторами через приложение или голосом Сделан евроремонт с использованием качественных материалов Просторная мастер-спальня со своим санузлом Универсальное помещение под детскую или рабочий кабинет Большая кухня-гостиная 51м2 (встроенные индукционная варочная панель, духовой "
b05,cian_332290865,"Россия, Москва, Ленинградский проспект, 37/3",94000000,3,88.7,,"","Видовая евротрешка с дизайнерской отделкой в премиальном квартале Прайм Парк Планировкой предусмотрены: кухня-гостиная с четыремя окнами, два мастер-блока с собственным санузлом и гардеробной, и коридор с обширной встроенной системой хранения Квартира находится на 25-м этаже, имеет открытый вид на город. Высокие потолки - 3,1 метра, высококлассная инженерия, премиальные материалы в отделке, качественная фирменная техника - все это делает квартиру идеальным готовым вариантом для проживания Премиальный квартал Прайм Парк состоит из 9 корпусов разной этажности, имеет собственный закрытый двор, со"
b05,cian_328600260,"Россия, Москва, Авиационная улица, 79Б",98000000,4,249.0,,"","4-комнатная квартира в ЖК Алые Паруса. Первая линия вдоль набережной. Рады представить вам уникальную четырехкомнатную квартиру общей площадью 249 м² в жилом комплексе Алые Паруса, который находится недалеко от станции метро Щукинская. Эта квартира обладает великолепными характеристиками: высокие потолки создают ощущение простора и наполняют помещение светом, а вся необходимая мебель уже установлена. Кухонный гарнитур оснащен посудомоечной машиной и духовым шкафом, а для удобства предусмотрена гардеробная комната. Еще одним преимуществом является наличие двух больших балконов-террас, с которых"
b05,cian_332843856,"Москва, Красина пер, 16стр1",98000000,4,260.0,,"","Номер объекта: 13881. Апартаменты для проживания в Пресненском районе. 4-комнатные апартаменты 260 м² в центре Москвы | SKY LOFT KRASINA | м. Маяковская Предлагаются эксклюзивные 4-комнатные апартаменты для проживания площадью 260 м² в историческом центре Москвы по адресу: переулок Красина, 16с1. Редкий формат для ценителей нестандартной архитектуры, приватности и просторных интерьеров. Апартаменты расположены на последнем, 9-м этаже комплекса SKY LOFT KRASINA — без соседей сверху, с панорамным остеклением, мансардными окнами и впечатляющими видами на центр столицы. Главная особенность объекта"
b05,cian_329792501,"Москва, ул. Авиационная, д. 77",99500000,4,176.0,,"","Квартира с 3 спальнями общей площадью 176 м² в комплексе бизнес-класса ""Алые Паруса"" на берегу Москвы-реки. Квартира с дизайнерской отделкой расположена на 27 этаже. Интерьер оформлен в классическом стиле — многоуровневые потолки, карнизы, лепные детали. Продаётся полностью с мебелью и техникой премиального класса. В ремонте использовались натуральные материалы: камень, керамогранит, паркет. Кухня ""Верона"" (Verona) оборудована бытовой техникой. Мебель от ""Антонелли Моравиа"" (Antonelli Moravia). Установлена сантехника от ведущих мировых брендом и система кондиционирования. Планировка включает к"
b05,cian_328482250,"Москва, Ферсмана, 11",99990000,3,131.0,,"","Лот 1000290. Аристов Евгений. Просторная 3 комнатная квартира в ЖК ""Ферсмана 11"" — ваш новый дом в престижном Академическом районе Москвы! Безопасность и комфорт — с первого шага: монолитно-кирпичный дом по индивидуальному проекту — надёжность и долговечность; закрытая охраняемая территория с круглосуточным видеонаблюдением; современная входная группа с качественной отделкой — достойный статус; подземный паркинг и гостевые места во дворе — забудьте о проблеме с парковкой. Простор и продуманная планировка: - высокие потолки 3,1 м создают ощущение свободы и воздуха; - кондиционеры во всех помеще"
b05,cian_331964271,"Москва, Арбат район, Смоленский 1-й пер., д.9, к.с, строение 1",102000000,4,128.0,,"","Исторический центр Москвы, тихие переулки Арбата, в кирпичном доме, построенном по индивидуальному проекту, продается 4-х комнатная квартира, площадью 128 кв. м, этаж 6/10. Преимущества - За счет больших окон в пол, в квартире обилие естественного света. - Дом расположен на удаление от Садового кольца, скрыт от него соседними зданиями. - Из окон виды на тихий зеленый сквер, вдали открывается панорама на здания МИДа и Смоленского пассажа. Планировка: прихожая, кухня, гостиная, 3 спальни, 2 с/у, 2 гардеробных. Каждая комната с отдельной застекленной лоджией., всего в квартире их 5. В квартире во"
b05,cian_325690924,"Москва, Береговой проезд, 2",104441706,4,145.5,,"","Прогнозный рост стоимости +50% в течение 2,5 лет.* Река. Парк. Сити. Готовый дом в идеальном месте. Продается 4-комнатная квартира на 10-м этаже с панорамным остеклением и видом на парковый массив Фили - открытая перспектива без риска высокоэтажной застройки перед окнами. Приезжайте на персональную презентацию, чтобы оценить бескомпромиссную панораму вживую. • Просторная кухня-гостиная с окнами в пол - много света, направления всех окон на юг. • Мастер-спальня с ванной и гардеробной - собственное пространство для ваших бьюти-рутины. • Несколько ванных комнат - гостевая ванная или организация ф"
b05,cian_321787938,"Россия, Москва, Мантулинская улица, д. 9, корп. 5",105000000,3,83.5,,"","Предлагается на продажу 3-комнатная квартира площадью 83,5 м² на 6 этаже в премиальном ЖК City Park. Комфортная функциональная планировка: кухня-гостиная с балконом, две спальни (в одной из которых есть балкон), санузел с душевой, гостевой санузел, удобный просторный холл.Квартира очень уютная, имеет сдержанные благородные цвета в отделке и дорогостоящие материалы. Потолки 3,1 м, широкоформатные окна Schuko, из которых открываются виды на гостиницу ""Украина"", парк ""Красная Пресня"" и на благоустроенную территорию. В квартире никто не жил. Всё готово к заселению : установлена система ""умный дом"""
b05,cian_332017695,"Россия, Москва, улица Арбат, 51с1",105000000,3,133.4,,"","ЖК Арбат 51. Трехкомнатная квартира с высокими потолками (3,8 м) и эксклюзивной дизайнерской отделкой в старомосковском стиле с завораживающим видом на Арбат! Окна квартиры выходят на 2 стороны света: на историческую пешеходную улицу (старый Арбат) и в тихий двор. В интерьере с особым вниманием к каждой детали подобраны все элементы декора: изразцовая печь изумрудного оттенка, много мрамора, на полу натуральный паркет, на высоких потолках лепнина и в каждой комнате потрясающие люстры и ажурные радиаторы из чугуна. Планировка: кухня с бытовой техникой Kuppersbusch, гостиная с эркером, спальня, "
b05,cian_332338482,"Москва, Хорошёво-Мнёвники район, Нижние Мневники ул., д.7, к.6",109000000,4,143.1,,"","Уникальное предложение для ценителей комфорта и эстетики. Из окон квартиры открываются захватывающие виды на набережную: здесь Вы будете встречать рассветы и провожать закаты. Преимущества квартиры: - Панорамные виды — наслаждайтесь живописными закатами и рассветами. - Возможность установки камина — создайте атмосферу уюта и тепла. -Просторная терраса — идеальное место для отдыха на свежем воздухе. -Идеальная планировка для семьи — продуманные зоны для жизни, отдыха и приёма гостей. -Высокие потолки 3.8 м это действительно серьезное преимущество, которое выделяет помещение среди стандартных но"
b05,cian_328043647,"Москва, Береговой проезд, 2",109946093,4,148.2,,"","Прогнозный рост стоимости +50% в течение 2,5 лет.* Река. Парк. Сити. Готовый дом в идеальном месте. Продается 4-комнатная квартира на 8-м этаже с панорамным остеклением и видом на парковый массив Фили - открытая перспектива без риска высокоэтажной застройки перед окнами. Приезжайте на персональную презентацию, чтобы оценить бескомпромиссную панораму вживую. • Просторная кухня-гостиная с окнами в пол - много света, направления всех окон на юг. • Мастер-спальня с ванной и гардеробной - собственное пространство для ваших бьюти-рутины. • Несколько ванных комнат - гостевая ванная или организация фу"
b05,cian_332391161,"Россия, Москва, Ленинградское шоссе, 69к3",110000000,4,150.6,,"","ЛОТ 25226. Предлагается к продаже квартира с террасой и с авторской отделкой, на высоком 19 этаже в премиальном квартале Акватория. Особенность этой квартиры - панорамное остекление и приватная терраса, где открывается захватывающий вид на Реку (Канал им. Москвы). Квартира с отделкой, выполнен дизайнерский ремонт под ключ. Планировка включает в себя кухню-гостиную с выходом на террасу, три уютные спальни, два санузла (один с душевой, второй с ванной), 2 гардеробных, постирочная и просторный коридор. Высокие потолки дают невероятное ощущение воздуха. Детали отделки: на полу инженерная доска и к"
b05,cian_332724161,"Москва, ЖК Родина Парк, к5",110430712,1,143.0,,"","Продается 1-комнатная квартира 143 м² на 18 этаже ЖК Родина Парк. Особенности: - Эргономичная кухня-гостиная - Просторная ванная - Увеличенная площадь остекления - Гардеробная комната - Мастер-спальня Родина Парк: экосистема для семьи, где растут и дети, и ваши возможности. Премиальный семейный кластер на западе Москвы, с трех сторон окруженный крупнейшим в столице природным заказником - ""Долина реки Сетунь"", вблизи Кутузовского проспекта. ""Родина Парк"" - это единственный в столице жилой квартал с собственной экосистемой для развития, здоровья и творчества, где всё подчинено главной цели: дать"
b05,cian_331726536,"Москва, Дружинниковская улица, 18",110432290,1,45.8,,"","Продаётся 1-комнатная квартира с просторной кухней-гостиной в клубном жилом проекте элит-класса ""Дом Спорта"" — идеальный формат для тех, кто ценит комфорт и продуманную функциональность. Пространство, где каждая деталь создана для вашей жизни в комфорте и балансе. Это квартира, в которой компактность сочетается с ощущением пространства и свободы. Планировка продумана так, чтобы создать максимально удобную и современную среду для жизни: — Просторная кухня-гостиная для отдыха, работы и приёма гостей — Изолированная мастер-спальня с гардеробной — приватная зона для спокойствия и восстановления Ок"
b05,cian_332473005,"Москва, Дружинниковская улица, 18",110432290,1,45.8,,"","Продаётся 1-комнатная квартира с просторной кухней-гостиной в клубном жилом проекте элит-класса ""Дом Спорта"" — идеальный формат для тех, кто ценит комфорт и продуманную функциональность. Пространство, где каждая деталь создана для вашей жизни в комфорте и балансе. Это квартира, в которой компактность сочетается с ощущением пространства и свободы. Планировка продумана так, чтобы создать максимально удобную и современную среду для жизни: — Просторная кухня-гостиная для отдыха, работы и приёма гостей — Изолированная мастер-спальня с гардеробной — приватная зона для спокойствия и восстановления Ок"
b05,cian_328438366,"Москва, Шлюзовая набережная, 2/1с1",111788368,3,112.2,,"","В элитном жилом комплексе ""Монблан"" на Шлюзовой набережной в Замоскворечье напрямую от девелопера ГК ""Галс-Девелопмент"" представлена 3-комнатная квартира квартира на 5 этаже общей площадью 112.20 м². Квартира предлагается без отделки. ""Монблан"" - элитный жилой комплекс в сердце Замоскворечья, в уникальном месте Москвы. Проект расположен в хорошо знакомом месте, напротив Дома музыки, прямо у воды. Поездка от жилого комплекса до Кремля займёт 10 минут по живописным историческим набережным города. Неординарные архитектурные формы, разработанные бюро ""СПИЧ"", манят взгляды к этому уникальному дому."
b05,cian_329547613,"Москва, Малая Филёвская улица, 46",114857600,3,114.4,,"","Трехкомнатная велнес-резиденция площадью 114.4 кв. м. на 9 этаже с видом на двор и центр в доме премиум-класса Springs. В квартире выполнена чистовая дизайнерская отделка. Резиденция наполнена светом и воздухом, благодаря панорамному остеклению и высоким потолкам. На первом этаже дома расположены: - фитнес-центр с бассейном; - СПА с хаммамом; - бьюти-зона с массажным кабинетом. - ресторан. Все сервисы доступны исключительно для резидентов. Всего в 2 минутах ходьбы от дома находится заповедный парк Фили — прекрасное место для спокойного и активного отдыха. Зеленый массив, набережная, велотропы "
b05,cian_332607635,"Москва, Ленинградский пр-кт, 37/6",115000000,4,113.0,,"","Номер объекта: 594895. Дизайнерская квартира площадью 113 кв.м в жилом комплексе Prime Park. В квартире выполнена авторская отделка в стиле современной классики. Планировочным решением предусмотрены: просторная гостиная-столовая с зоной кухни, мастер-блок с кабинетом, гардеробной и ванной комнатой, детская спальня, санузел, прихожая с гардеробной. Панорамные окна. Высокие потолки 3.1 м. Роскошные лобби и премиальный уровень сервиса для резидентов комплекса: для вас откроет двери швейцар, автомобиль припаркуют на стоянку, продукты доставит беллмэн. Уровень сервиса пятизвёздочного отеля. Также д"
b05,cian_331333652,"Москва, Ленинградский пр-кт, 37/6",115000000,3,113.0,,"","Номер объекта: 594058. Дизайнерская квартира площадью 113 кв.м в жилом комплексе Prime Park. В квартире выполнена авторская отделка в стиле современной классики. Планировочным решением предусмотрены: просторная гостиная-столовая с зоной кухни, мастер-блок с кабинетом, гардеробной и ванной комнатой, детская спальня, санузел, прихожая с гардеробной. Панорамные окна. Высокие потолки 3.1 м. Роскошные лобби и премиальный уровень сервиса для резидентов комплекса: для вас откроет двери швейцар, автомобиль припаркуют на стоянку, продукты доставит беллмэн. Уровень сервиса пятизвёздочного отеля. Также д"
b05,cian_329276312,"Россия, Москва, улица Нижние Мнёвники, 9",118000000,3,103.3,,"","Продается стильная, красивая квартира с высоким потолком и большими окнами в малоэтажном премиум корпусе (по адресу: нижние Мневники д.9 п.2), в котором всего 74 квартиры. Просторная кухня-гостиная, и две раздельные спальни (мастер спальня со своим санузлом). В доме, на втором этаже, располагается общественная зона с кинотеатром, детской комнатой и тренажерный залом. ЖК Остров На территории комплекса открыта станция метро ""Терехово"". В пешей доступности кафе, супермаркет ""Азбука вкуса"". Удобный выезд на Рублевское и Звенигородское шоссе. Комплекс возведен в Мневниковской пойме, окруженной Моск"
b05,cian_332505329,"Россия, Москва, Филипповский переулок, 16",120000000,4,180.0,,"","Объект реальный, предложение актуально, показываем лично. Записывайтесь на просмотр в удобный день, ключи на руках ПЛАНИРОВКА: • Большая кухня-гостиная • Гостевой санузел с душевой • Санузел с джакузи и душевой • Спальня с кроватью • 2-я спальня с кроватью • Помещение свободного назначения(кабинет/3-я спальня) РАЙОН: -В 7 минутах пешком расположены станции метро Арбатская и Кропоткинская, что обеспечивает удобный доступ по всему городу -Парковка: во дворе дома есть охраняемая парковка с шлагбаумом -В шаговой доступности находятся детские сады и школы, театры, музеи, включая музей современного "
b05,cian_328969718,"Россия, г. Москва, Ленинградский пр-т, д. 37/2",120000000,3,96.3,,"","206105 ЖК Prime Park Продается 3-комнатная квартира площадью 96 м² на 18-м этаже в премиальном комплексе Prime Park. В квартире выполнен дизайнерский ремонт с использованием премиальных материалов. Планировочное решение: - кухня-гостиная с обеденной зоной - 2 мастер-спальни с гардеробной и ванной - гостевой санузел - прихожая с системой хранения - постирочная Преимущества квартиры: - площадь 96 м² - потолки 3,1 м - панорамные окна - премиальные материалы в отделке - инженерная доска - натуральный камень, керамогранит, шпон - приточно-вытяжная вентиляция - теплые полы - шумоизоляция Квартира по"
b05,cian_329750928,"Россия, Москва, Звенигородское шоссе, д. 11",120000000,2,84.0,,"","Возможна рассрочка! Продается квартира в камерном доме премиум-класса с двумя башнями по 45 квартир, по 4 квартиры на этаже. Расположение — башня Омега.Особенности квартиры- Просторная кухня-гостиная 34 м²- Мастер-спальня 17 м² с гардеробной 9 м² и собственной ванной с красивой ванной и большими окнами в пол- Гостевой санузел оборудован душевой кабиной- Много естественного света благодаря огромным деревянным окнам высотой 2,8 м с французскими балконами во двор на юго-восток- Высокие потолки 3,8 м создают ощущение простораОтделка и техника- Итальянские материалы: инженерная дубовая доска IPF, к"
b05,cian_332132947,"Москва, Малая Филёвская улица, 46",120506200,3,113.9,,"","Трехкомнатная велнес-резиденция площадью 113.9 кв. м. на 10 этаже с видом на двор и центр в доме премиум-класса Springs. В квартире выполнена чистовая дизайнерская отделка. Резиденция наполнена светом и воздухом, благодаря панорамному остеклению и высоким потолкам. На первом этаже дома расположены: - фитнес-центр с бассейном; - СПА с хаммамом; - бьюти-зона с массажным кабинетом. - ресторан. Все сервисы доступны исключительно для резидентов. Всего в 2 минутах ходьбы от дома находится заповедный парк Фили — прекрасное место для спокойного и активного отдыха. Зеленый массив, набережная, велотропы"
b05,cian_325133435,"Москва, Софийская набережная, 36",122727173,2,117.0,,"","Коллекция эксклюзивных апартаментов ""Резиденция 1864"" расположена в самом сердце Москвы — на Золотом острове, в 200 метрах от Кремля. Комплекс состоит из основного здания переменной этажности в 7-8 этажей. B приватном закрытом дворе находятся детская площадка, видовая ротонда и аллея для прогулок. Открываются потрясающие виды на Васильевский спуск и Собор Василия Блаженного. Teppacиpoвaнный спуск ведёт прямо к набережной Mocква-peки. Полностью охраняемая зона для комфортного отдыха. Подземный паркинг рассчитан на автомобили представительского класса, в том числе бронированные. Четыре независим"
b05,cian_313392531,"Россия, Москва, Усачёва улица, 62",126197696,4,123.0,,"","Хамовники, шикарный вид на Москва-Сити. Новый ремонт в светлых тонах, меблированная кухня и ванная комната. Договор купли-продажи, быстрая сделка - ключи в день покупки. Здание после капитального ремонта. Один взрослый собственник - представитель девелопера (всё надёжно и прозрачно). В помещении никто не прописан и еще никто не жил. Инвестиционная привлекательность, 1-комн помещения в этом комплексе сдаются за 200 000 р/мес. Осталось всего 2 лота с большим метражом. Параметры: — Отделка: дизайнерский ремонт — Высокие потолки: 3,2 м — Светлый и просторный — Планировка: кухня-гостиная, 3 спальни"
b05,cian_325875882,"Москва, Большая Ордынка, 67",130000000,4,170.0,,"","Квартира площадью 170 м² в реконструированном доходном доме 1914 года на Большой Ордынке. Две спальни, кабинет, гостиная 54 м², кухня с дровяным камином и два независимых входа. Квартира расположена на пятом этаже. Потолки высотой 3,5 метра и большие окна наполняют пространство естественным светом. В гостиной установлен электрический камин. В отделке использованы натуральный камень, дерево, шелк и элементы из сусального золота. Планировка включает просторную гостиную, отдельную кухню, мастер-спальню, вторую спальню, кабинет, ванную комнату и хозяйственные помещения. Дом прошел реконструкцию с "
b05,cian_331413399,"Москва, Северо-Западный административный округ, район Покровское-Стрешнево, жилой комплекс Примавера",130018770,4,144.9,,"","Клубный город на реке ""Примавера"" — это современный жилой комплекс премиум-класса, расположенный на первой береговой линии Москвы-реки в экологически чистом районе Покровское-Стрешнево. Под панорамными окнами квартир находится собственный экопарк с продуманной сетью прогулочных дорожек и современными детскими и спортивными площадками. За парком расположена набережная с собственным пляжем и зонами для отдыха. Клубный город на реке ""Примавера"" предлагает широкий выбор планировок для различных жизненных сценариев: от просторных однокомнатных квартир до пентхаусов и жилых помещений с террасами и п"
b05,cian_326316234,"Россия, Москва, улица Братьев Фонченко, 1к3",133000000,3,115.7,,"","Предлагается эстетичная квартира с новой дизайнерской отделкой и продуманной евро-планировкой в элитном квартале Victory Park Residences, в одном из самых престижных районов Кутузовского проспекта. Планировочное решение: • просторная кухня-гостиная - 50,5 м² • спальня 15,7 м² • санузел 8,1 м² • мастер-спальня 24,4 м² с гардеробной и ванной комнатой 5,1 м² • просторная прихожая 8,1 м² • холл 3,8 м² • балкон - 2,9 м² Интерьер и атмосфера Стиль — неодеко. Контраст тактильных поверхностей и редких видов мрамора со стильным металлом в акцентах. Интерьер создан как идеальный фон для ярких элементов "
b05,cian_325525594,"Россия, Москва, улица Братьев Фонченко, 1к4",134000000,3,116.7,,"","Предлагается светлая и просторная квартира с новой дизайнерской отделкой и продуманной евро-планировкой в элитном квартале Victory Park Residences, в одном из самых престижных районов Кутузовского проспекта. Планировочное решение: • просторная кухня-гостиная - 49,3 м² • мастер спальня 19,3 м² с гардеробной 5 м² и санузлом 6 м² • мастер-спальня 17 м² с ванной комнатой 5 м² • гостевой санузел 4 м² • прихожая 5 м² • балкон - 4 м² Интерьер и атмосфера Стиль — неодеко. Контраст тактильных поверхностей и редких видов мрамора со стильным металлом в акцентах. Интерьер создан как идеальный фон для ярки"
b05,cian_327554000,"г Москва, ул Пятницкая, д 57 стр 2",135000000,4,186.0,,"","Четырехкомнатная квартира 186 м² с дизайнерским ремонтом и террасой в историческом особняке Замоскворечья. В квартире выполнен дизайнерская отделка с использованием антикварной мебели и премиальных отделочных материалов. В гостиной установлен действующий дровяной камин. Высокие потолки 3,5 м и продуманная система климат-контроля. Особенность лота — открытая терраса-патио площадью 25 м², которая служит идеальным местом для приватного отдыха. Для собственников отсутствуют коммунальные платежи, по общедомовому договору оплачивает арендатор подвального помещения. Планировочное решение: Гостиная с "
b05,cian_332528626,"Москва, Малая Сухаревская площадь",135000000,1,67.5,,"","Представляем просторную 1-комнатную квартиру на 2 этаже Резиденций ФАНТОМ. Общая площадь лота составляет 67.5 кв.м. и включает мастер-спальню с собственной ванной, большую кухню-гостиную и гостевой санузел. В квартире выполнена финишная отделка с использованием натурального дерева и камня, ванные комнаты и кухни полностью оборудованы современной техникой и мебелью. Среди ее достоинств окна на две стороны и просторный балкон. Досконально выверенное планировочное решение создает функциональное и визуально легкое пространство. Высокие потолки и большие окна наполняют квартиру воздухом и светом. Ф"
b05,cian_326518351,"Россия, Москва, улица Братьев Фонченко, д. 1, корп. 4",136000000,3,115.9,,"","Реальное предложение! Без подмен, фейков и аналогов! 3-комнатная квартира с отделкой площадью 115,9 м² в элитном ЖК Victory Park Residences у Парка Победы Планировка: 2 изолированные спальни, каждая со своим санузлом Просторная кухня-гостиная в светлых тонах Гостевой санузел с выделенной зоной постирочной Отделка: Стиль — неофактура: мягкие природные текстуры, спокойная цветовая гамма, качественные материалы. Особенности: Квартира оформлена в СОБСТВЕННОСТЬ Комфортный 4 этаж Высокие потолки Современные инженерные системы кондиционирования и вентиляции Окна выходят в живописный внутренний двор-с"
b05,cian_332024712,"Москва, улица Нижние Мнёвники, 10",137000000,4,147.0,,"","Потолки 3,7м Угловая квартира с тремя спальнями общей площадью 147 м² в квартале премиум-класса ""Остров-3"" на берегу Москвы-реки. Квартира без отделки расположена на 7 этаже в корпусе 2. Возможная планировка: кухня-гостиная, 3 спальни, три санузла, гардеробная, балкон и холл. Панорамные окна ориентированы на три стороны света, открываются виды на территорию комплекса и бульвар. За дополнительную плату возможно приобрести 2 машино-места и кладовую в подземном паркинге. Главное о доме. ""Остров"" — квартал от ""Донстроя"" на 40 гектарах Мнёвниковской поймы. Здесь 39 корпусов переменной этажности, ча"
b05,cian_315095998,"Москва, Климашкина 17стр2",138000000,3,178.0,,"","Квартира с двумя спальнями площадью 178 м² в клубном доме ""Панорама"" на седьмом этаже. Выполнен ремонт в эклектичном стиле по авторскому дизайн-проекту. В отделке использованы натуральные материалы. Благодаря панорамному остеклению и высоким потолкам пространство наполнено светом. Из окон открывается вид на столичные крыши и Собор Непорочного Зачатия Пресвятой Девы Марии. Функциональная планировка включает просторную кухню-гостиную, мастер-спальню со своим санузлом и гардеробной, вторую спальню с санузлом, гостевой санузел, гардеробную, постирочную и холл. Квартира мебелирована, оборудована со"
b05,cian_331777522,"Москва, набережная Озерковская, д.52А",138900000,3,147.0,,"","Недвижимость, которая говорит о вашем вкусе без лишних слов. Семейная резиденция на первой линии Озерковской набережной. Камерный клубный особняк на 37 квартир. Фасады из натурального камня, парадное лобби с отделкой из мрамора и ценных пород дерева. Здесь нет шума магистрали, нет посторонних взглядов. Здесь царит камерная атмосфера и высочайший уровень приватности. Закрытый периметр, консьерж-сервис и видеонаблюдение, безопасность 24/7. 146,5 м | 3 комнаты | Потолки 3,2 м | Распашная планировка | 4 этаж Эта квартира редкость даже для премиального рынка. Планировка раскрывает пространство на д"
b05,cian_325990630,"Россия, Москва, жилой комплекс Нова, к3",140000000,4,121.0,,"","Эксклюзивная 4-комнатная квартира площадью 121.5 м² с отделкой в новом премиальном ЖК в престижном районе Раменки, рядом с Парком Победы Функциональная планировка: кухня-гостиная, три спальни и три санузла. Квартира передается с качественной премиальной отделкой от застройщика по дизайн-проекту от именитого бюро. Лот расположена на 34 этаже — из окон открываются потрясающие виды на город и небоскребы Москва-Сити. Благодаря большим окнам и высоким потолкам квартира наполнена светом. Удобные условия оплаты от застройщика, есть рассрочка. О ЖК NOVA — премиальный жилой комплекс на берегу реки в пр"
b05,cian_324913931,"Москва, Мосфильмовская улица, 100",141715200,4,146.4,,"","Пентхаус с панорамными видами в Сторис на Мосфильмовской! Просторный пентхаус с четырьмя спальнями на 146,4 м² на 29 этаже Сторис на Мосфильмовской. Пентхаус отличается элегантной и продуманной планировкой: спальные зоны и гардеробные гармонично объединены в уединенный мастер-блок, создавая атмосферу приватности и комфорта. Просторная кухня-гостиная площадью 42,2 м² станет идеальным местом для любых жизненных сценариев — будь то уютные семейные ужины, тёплые встречи с друзьями или вдохновляющие вечера в кругу близких. Высокие потолки 3,5 метров и моллированное панорамное остекление создают ощу"
b05,cian_324207422,"Москва, Огородный проезд, 4к2",142302879,4,151.5,,"","Продаётся 4-комнатная квартира площадью 151.5 кв.м на 55 этаже сданного 55 этажного корпуса Эльбрус в квартале небоскребов ""Апсайд Тауэрс"". С видом на останкинскую башню, ботанический сад, ВДНХ, парк Сокольники, Центр, Москва Сити. Номер квартиры Кв.5501. ""Апсайд Тауэрс"" - технологичный квартал строится в динамично развивающемся Бутырском районе, в 3 мин. от метро, в 5 мин. от ТТК. На территории 7 га возводится 5 высотных башен от 19 до 58 этажей, названных в честь главных вершин земли. Квартиры с панорамными окнами в пол, высокими потолками и современными инженерными решениями. В проекте: - п"
b05,cian_331530092,"Россия, Москва, улица Большая Полянка, 44",149265000,4,134.9,,"","В клубном доме в сердце Якиманки предлагаем к продаже квартиру площадью 134,9 м² без отделки. Количество окон позволяет спланировать до 3 спален. Благодаря тому, что квартира расположена на втором этаже (под ней находится нежилое помещение), кухню можно разместить в любой части квартиры. Низкий этаж здесь скорее является преимуществом: окна с балконом, выходящие в зелёный двор, создают ощущение загородной террасы. Высокие потолки и панорамные окна в пол создают ощущение простора, а уже заведённая приточная система вентиляции обеспечивает комфортный микроклимат. Поможем с подбором дизайнера и с"
b05,cian_330948703,"Москва, улица Большая Полянка, д.44",150000000,3,125.1,,"","Предлагается 3-комнатная квартира S:125,05 м в комплексе элитных особняков ""Полянка/44"", в престижном районе Якиманка ЦАО Москвы! Возможное планировочное решение: - Просторная гостиная - изолированная кухня -столовая - Две спальни каждая со своей гардеробной и ванной комнатой, одна из спален с балконом - гостевой с/у, просторный холл Преимущества квартиры: высокие потолки- 3,4м, увеличенные окна, пространство наполнено светом. Двусторонняя ориентация квартиры, окна выходят в тихий красивый внутренний двор и тихий переулок. Квартира без отделки Дополнительно можно приобрести м/места в подземном"
b05,cian_320124070,"Москва, Огородный проезд, 4к2",161365717,4,153.8,,"","Продаётся 4-комнатная квартира площадью 153.8 кв.м на 54 этаже сданного 55 этажного корпуса Эльбрус в квартале небоскребов ""Апсайд Тауэрс"". С видом на останкинскую башню, ботанический сад, ВДНХ, парк Сокольники, Центр, Москва Сити. Номер квартиры Кв.5401. ""Апсайд Тауэрс"" - технологичный квартал строится в динамично развивающемся Бутырском районе, в 3 мин. от метро, в 5 мин. от ТТК. На территории 7 га возводится 5 высотных башен от 19 до 58 этажей, названных в честь главных вершин земли. Квартиры с панорамными окнами в пол, высокими потолками и современными инженерными решениями. В проекте: - п"
b05,cian_328655208,"Москва, Космодамианская набережная, 4/22",165000000,4,111.0,,"","Просторная квартира с видами на три стороны в клубном доме делюкс-класса ""Космо 4/22"" на острове Балчуг, в километре от Кремля. Редкое предложение — возможность объединения двух квартир (59м² и 51м²) в общую площадью 111м². Квартиры без отделки расположены на пятом этаже в корпусе ""Сад"" внутри комплекса ""Космо 4/22, корпус ""Сад"" отличается тишиной и атмосферой уединения, именно в нем расположена приватная зона отдыха ""Тайный сад"" так напоминающая бутиковые дворики в стиле ""Римского искусства"". Благодаря девяти панорамным окнам пространство наполнено светом и теплом. Виды в тихий двор комплекса"
b05,cian_331852526,"Москва, ул. Спиридоньевский д. 12/9",165000000,4,161.0,,"","Квартира с 3 спальнями общей площадью 161 м² в доме ""Спиридоньевский, 12"" на 2 этаже. Дизайнерская отделка выполнена в классическом стиле, интерьер украшен декоративными молдингами, венчающими карнизами и лепниной. На полу выложен паркет из дуба. Благодаря высоким потолкам и широкоформатным окнам пространство наполнено естественным светом и теплом. Функциональная планировка включает гостиную с камином и выходом на балкон, кухню-столовую, мастер-спальню с собственной ванной комнатой с окном, 2 спальни, два санузла и холл. Квартира меблирована и укомплектована бытовой техникой, установлена систе"
b05,cian_329372569,"Москва, Гоголевский б-р., 23",167500000,4,135.0,,"","Предлагается уютная дизайнерская квартира на Гоголевском бульваре. В квартире сделан качественный дизайнерский ремонт с заменой всех коммуникаций. В отделке использовали натуральные материалы: инженерная доска, деревянные стеклопакеты. Кондиционирование в каждой комнате. 3 спальни, 2 СУ с окнами в каждом. Очень тихая квартира с видом во двор. В квартире потолки 3,6 м, высокие двери, много окон и света. Электрическая мощность в квартире 15 кВт. Парковка во дворе под шлагбаум."
b05,cian_332212836,"Москва, Климентовский пер, 2",169000000,4,186.0,,"","Номер объекта: 593701. Специальная цена действует до 07.10.2026! Светлая и просторная 4-комнатная квартира площадью 186 кв.м в жилом комплексе ""Купеческая усадьба"", расположенном в Замоскворечье - одном из самых престижных районов Москвы. Функциональное планировочное решение: просторная гостиная-столовая с зоной кухни и выходом на большую лоджию, мастер-спальня с гардеробной и санузлом, еще две спальни, санузел, постирочная, большая прихожая с гардеробом. Кухня оборудована бытовой техникой от ведущих производителей. Полы с подогревом, установлены кондиционеры и бойлер. Высокие потолки и больши"
b05,cian_331149077,"Москва, Братьев Фонченко, 1, корп. 7",175000000,4,135.0,,"","ID 65268. Эксклюзив. Только в Intermark. ЖК Victory Park Residences (Виктори Парк Резиденсис). Элегантная, стильная четырёхкомнатная квартира с высококачественной финишной отделкой в стиле неодеко в элитном жилом квартале клубных особняков Виктори Парк Резиденсис в районе Кутузовского проспекта рядом с зелёным массивом парка Победы. Покупка этой квартиры - это выбор между двумя идеальными сценариями, которые закрывают главные запросы: Для себя: готовая квартира стремя спальнями и тремя санузлами, где каждый член семьи получит личное пространство. Дизайнерская отделка поможет сэкономить время и"
b05,cian_332034331,"Москва, Котельническая наб., 21",175000000,4,149.0,,"","ID 64220. Эксклюзив. Только в Intermark. ЖК Симфония Набережных (Котельническая 21). Эксклюзивное предложение в ЖК Симфония набережных на 1-ой линии Котельнической набережной - квартира свободной планировки общей площадью 149 м2 на комфортном 4-м этаже и высокими потолками 3,25 метров. Квартира угловая, 7 окон позволяют комфортно разместить кухню-гостиную, до трех спален, 3 ванные комнаты и гардеробные. панорамные окна выходят в уютный исторический переулочек. Есть возможность дополнительно приобрести 2 машиноместа и кладовую в подземном паркинге. Архитектура проекта выдержана в стиле сталинск"
b05,cian_329547581,"Москва, Малая Филёвская улица, 46",176262600,4,157.8,,"","Четырехкомнатная велнес-резиденция площадью 157.8 кв. м. на 3 этаже с видом на Рублевское шоссе и парк в доме премиум-класса Springs. В квартире выполнена чистовая дизайнерская отделка. Резиденция наполнена светом и воздухом, благодаря панорамному остеклению и высоким потолкам. На первом этаже дома расположены: - фитнес-центр с бассейном; - СПА с хаммамом; - бьюти-зона с массажным кабинетом. - ресторан. Все сервисы доступны исключительно для резидентов. Всего в 2 минутах ходьбы от дома находится заповедный парк Фили — прекрасное место для спокойного и активного отдыха. Зеленый массив, набережн"
b05,cian_332473016,"Москва, Дружинниковская улица, 18",183008133,2,74.4,,"","Старт продаж! Продаётся 2-комнатная квартира евроформата в клубном жилом проекте элит-класса ""Дом Спорта"" — пространство с выразительной архитектурой и гибкой планировкой в центре Москвы. Квартира спроектирована так, чтобы адаптироваться под разные сценарии жизни, сохраняя баланс между приватностью и открытым пространством: — Кухня-гостиная — основная зона для жизни, отдыха и приёма гостей — Изолированная мастер-спальня с гардеробной — приватное пространство для комфорта и уединения Окна жилых комнат ориентированы на запад и север. Западная сторона открывает виды в сторону Москва-Сити и наполн"
b05,cian_330951740,"Москва, Романов пер., д. 3 стр. 1",185000000,3,129.8,,"","Лот: 112605. Эксклюзивно в продаже только у NF GROUP. В продаже квартира с отделкой в историческом доходном доме в Романовом переулке, в самом сердце района Арбат — в нескольких минутах от Красной площади и станции метро ""Александровский сад"". Локация с редким сочетанием тишины переулков и абсолютной близости к ключевым символам центра Москвы. Планировка включает: - кухню, - гостиную, - две спальни, - два санузла. Высота потолков — 4,2 м. Интерьер выполнен в классической стилистике с бережным сохранением исторического характера пространства: высокие потолки с лепниной, натуральный паркет, белы"
b05,cian_328438346,"Москва, Шлюзовая набережная, 2/1с1",185279600,4,172.1,,"","В элитном жилом комплексе ""Монблан"" на Шлюзовой набережной в Замоскворечье напрямую от девелопера ГК ""Галс-Девелопмент"" представлена 4-комнатная квартира квартира на 4 этаже общей площадью 172.10 м². Квартира предлагается без отделки. ""Монблан"" - элитный жилой комплекс в сердце Замоскворечья, в уникальном месте Москвы. Проект расположен в хорошо знакомом месте, напротив Дома музыки, прямо у воды. Поездка от жилого комплекса до Кремля займёт 10 минут по живописным историческим набережным города. Неординарные архитектурные формы, разработанные бюро ""СПИЧ"", манят взгляды к этому уникальному дому."
b05,cian_327395294,"Москва, Малая Сухаревская площадь",189841000,1,82.9,,"","Представляем просторную 1-комнатную квартиру на 3 этаже Резиденций ФАНТОМ. Общая площадь лота составляет 82.9 кв.м. и включает мастер-спальню с собственной ванной, большую кухню-гостиную и гостевой санузел. В квартире выполнена финишная отделка с использованием натурального дерева и камня, ванные комнаты и кухни полностью оборудованы современной техникой и мебелью. Среди ее достоинств окна на две стороны и просторный балкон. Досконально выверенное планировочное решение создает функциональное и визуально легкое пространство. Высокие потолки и большие окна наполняют квартиру воздухом и светом. Ф"
b05,cian_318943993,"Россия, г. Москва, Кисловский Ср. пер., д. 5/6, стр. 3",195000000,4,193.7,,"","181227 Небо и солнце, поток воздуха Комфортабельный современный лофт площадью 193,7 кв.м в стиле фьюжн в доходном доме Якунчиковых XIX века, который включает всего 7 квартир, расположен в стороне от городского шума, в очень тихом месте, скрытом зеленью деревьев. Квартира занимает два этажа: 3-й этаж и мансарду с высотой потолка 3,26 м. Большие окна первого уровня и мансарды, открытые пространства и свободный горизонт позволят обойтись без занавесок! Просторная столовая с дровяным камином, кухня с профессиональной вытяжкой, домашний кинотеатр с 3D-звуком, гардеробная с высокими шкафами, ванная "
b05,cian_327572903,"Россия, Москва, 2-я Звенигородская улица, 11",197000000,4,147.8,,"","ЭКСКЛЮЗИВ АГЕНТСТВА PEOPLE Просторная квартира в комплексе премиум-класса ""Резиденция МОНЭ"" на Пресне с тремя спальнями. Планировкой предусмотрено: -Холл с постирочной и вместительной гардеробной. -Просторная кухня гостиная с панорамным угловым остеклением. -Мастер - спальня со своей гардеробной и с/у. -2 изолированных детских спальни со своей гардеробной. -с/у с ванной и душевой. Выполнена премиальная дизайнерская отделка в стиле современной классики с использованием элементов ведущих мировых брендов. Квартира полностью укомплектована бытовой техникой BOSCH, SMEG и мебелью. Преимущества: - вы"
b05,cian_330948707,"Москва, улица Большая Полянка, д.44",198733920,4,169.8,,"","Предлагается 4-комнатная квартира S:169,80 м в комплексе элитных особняков ""Полянка/44"", в престижном районе Якиманка ЦАО Москвы! Возможное планировочное решение: - Гостиная объединённая с кухней - Мастер-спальня со своей ванной комнатой, две спальни , ванная комната - гостевой с/у, просторный холл Преимущества квартиры: - Высокие потолки- 3,4 м. Бетон -Гостиная с эркером - Спальня с эркером - Исторический особняк Мускат , увеличенная толщина стен! - Двусторонняя ориентация квартиры, окна выходят в тихий красивый внутренний двор и на Большую Полянку. Дополнительно можно приобрести м/места в по"
b05,cian_332818570,"Россия, Москва, Багратионовский проезд, 1Ак1",199500000,4,160.3,,"","Предлагается эксклюзивный 4-комнатный пентхаус с дизайнерской отделкой и террасой в ЖК ""Фили парк"", расположенном в шаговой доступности от Филевского парка. Функциональное планировочное решение: кухня-столовая-гостиная с выходом на просторную террасу 50 м², мастер-спальня с собственной ванной комнатой, детская спальня, кабинет, ванная комната, гостевой с/у, прачечная. Высокие потолки - 3,4м! Пентхаус выполнен по авторскому дизайнерскому проекту с использованием премиальных материалов: мрамора Pietra Grey и Iceberg, массива тика, декоративного бетона, кожаных фасадов, а также натуральных покрыт"
b05,cian_332366445,"Россия, Москва, Погодинская улица, 4",199900000,2,95.5,,"","Коэксклюзив агентства PEOPLE ФУНКЦИОНАЛЬНАЯ КВАРТИРА С ПРОСТОРНЫМ МАСТЕР-БЛОКОМ В САМОМ СЕРДЦЕ ХАМОВНИКОВ. К продаже предлагается 2- комнатная квартира с высокими потолками и авторской отделкой в стиле классический модерн в ЖК делюкс-класса ""GRAND DELUX на Плющихе"". На 95.5 м2 функционально предусмотрено: - Просторный холл при входе - Гостевой с/у с возможностью установки душевой/ ванны - Изолированная кухня - Гостиная - столовая - Мастер - блок (спальня с выходом на лоджию, с/у с душевой и возможностью установки ванной и гардеробная) ДЕТАЛИ ИНТЕРЬЕРА: - Качественное исполнение - Премиальные м"
b05,cian_331726533,"Москва, Дружинниковская улица, 18",204017394,2,73.9,,"","Старт продаж! Продаётся 2-комнатная квартира евроформата в клубном жилом проекте элит-класса ""Дом Спорта"". Планировка квартиры сочетает функциональность, приватность и возможность адаптации пространства под разные сценарии жизни: — Изолированная спальня с гардеробной — комфортная приватная зона для отдыха — Просторная кухня-гостиная — центр повседневной жизни, общения и приёма гостей Ключевое преимущество квартиры — выразительная гостиная зона с панорамным полукруглым остеклением. Благодаря плавной архитектуре фасада пространство приобретает мягкую геометрию, а необычная форма окон делает инте"
b05,cian_331646026,"Россия, Москва, улица Большая Полянка, д. 44",207000000,4,168.0,,"","""Полянка/44"" — элитный жилой комплекс в престижном районе Якиманка в центре столицы, всего в 2 км от Кремля. Проект состоит из восьми особняков высотой до 7 этажей в сочетании с благоустроенной территорией и собственной инфраструктурой. Архитектура создана McAslan + Partners — авторитетной студией из Лондона. Концепция двора разработана международным ландшафтным бюро Gillespies. Квартира без отделки, окна выходят во двор и на 1-й Спасоноливковский переулок. Можно сделать 3-4 спальни. В жилом комплексе всего 196 квартир площадью от 50 до 250 квадратных метров. Все они — с высокими потолками от "
b05,cian_332783212,"г. Москва, ул. Нижние Мневники, д. 10",214000000,4,198.0,,"","Пентхаус с террасой общей площадью 198 м² в квартале премиум-класса ""Остров-3"" на берегу Москвы-реки. Пентхаус без отделки расположен на 9 этаже в корпусе 3. Возможно спланировать кухню-гостиную с камином, 3-4 спальни, три санузла и террасу площадью 29 м². Благодаря высоким потолкам 4 м и панорамному остеклению пространство наполнено естественным светом и теплом. Из окон открываются виды на благоустроенную территорию комплекса и парк. За дополнительную плату возможно приобрести два машино-места в подземном паркинге и келлер. Главное о доме. ""Остров"" — квартал от ""Донстроя"" на 40 гектарах Мнёвн"
b05,cian_332405496,"Россия, Москва, Малый Лёвшинский переулок, 7с1",215000000,4,173.0,,"","Эксклюзив! Предлагается редкий авторский объект — роскошная 4-комнатная квартира в малоквартирном старинном особняке 1913 года постройки. Дом расположен в эпицентре столичной жизни: всего в нескольких минутах пешком от величественного Храма Христа Спасителя и динамичного Нового Арбата. Высокие потолки (3,6 метра) и большие окна наполняют помещения естественным светом и визуально расширяют пространство. Функциональная планировка для комфортной жизни: - Просторная изолированная кухня с балконом и уютная столовая для приема гостей. - Светлая гостиная с эркером - Две изолированные спальни, балкон "
b05,cian_331394711,"Москва, Спиридоновка ул., 19",215000000,3,137.4,,"","ЭКСКЛЮЗИВ! К продаже предлагается роскошная трехкомнатная квартира с дорогой дизайнерской отделкой от известного архитектурного бюро в самой престижной и востребованной локации Москвы на Патриарших прудах в одном из лучших домов ЦК. Функциональной планировкой предусмотрено: -большая прихожая -гостевой санузел -постирочная комната -просторная гостиная с большим открытым балконом -большая кухня -мастер-спальня со своим санузлом с окном и большой гардеробной с окном - спальнякабинет со своим санузлом. В отделке использованы дорогие материалы и ценные породы камня и дерева, текстиль. Бытовая техни"
b05,cian_328018678,"Россия, Москва, улица Братьев Фонченко, 1к4",215000000,4,149.8,,"","Предлагается эстетичная и просторная квартира с продуманной евро-планировкой, панорамным видом на Парк Победы и новой дизайнерской отделкой в элитном квартале Victory Park Residences, в одном из самых престижных районов Кутузовского проспекта. Планировочное решение: • Кухня-гостиная 51 м² — идеальное пространство для жизни, общения и приёма гостей. • Мастер-спальня 19 м² с отдельной гардеробной 10 м² и ванной комнатой 14 м². • Детская спальня 15 м² с собственным санузлом 4 м². • Гостевая спальня 14 м² с собственным санузлом 5 м². • Гостевой санузел 3 м². • Гардеробная 5 м². • Прихожая 10 м². •"
b05,cian_328092109,"Москва, Кадашевский 3-й пер., д. 7 стр. 1-9",220000000,3,158.0,,"","Лот: 49112. В продаже двухуровневый апартамент с отделкой в стиле лофт в клубном комплексе ""Кадашевские палаты"" — редком проекте в историческом сердце Замоскворечья, в районе Кадаши, где сохранилась атмосфера старой Москвы и при этом сформирована современная камерная жилая среда премиального уровня. Апартамент выполнен в выразительной лофт-эстетике с использованием натуральных материалов, кирпича и фактурных поверхностей, где пространство раскрывается за счёт высоты потолков и панорамного восприятия объёма. Дровяной камин становится центральным элементом первого уровня, задавая атмосферу уюта "
b05,cian_329547699,"Москва, Малая Филёвская улица, 46",235375800,4,187.7,,"","Четырехкомнатная велнес-резиденция площадью 187.7 кв. м. на 16 этаже с видом на Рублевское шоссе и двор в доме премиум-класса Springs. В квартире выполнена чистовая дизайнерская отделка. Резиденция наполнена светом и воздухом, благодаря панорамному остеклению и высоким потолкам. На первом этаже дома расположены: - фитнес-центр с бассейном; - СПА с хаммамом; - бьюти-зона с массажным кабинетом. - ресторан. Все сервисы доступны исключительно для резидентов. Всего в 2 минутах ходьбы от дома находится заповедный парк Фили — прекрасное место для спокойного и активного отдыха. Зеленый массив, набереж"
b05,cian_331948661,"Москва, район Раменки, Раменки р-н, Сергея Бондарчука ул, 6",240000000,4,202.3,,"","id: 551358 В продаже уникальная трехсторонняя квартира в элитном клубном доме ЖК ""РЕКА"" — пространство, где премиальный комфорт сочетается с редким ощущением тишины и природы за окном. Окна выходят на разные стороны света, в квартире много воздуха и естественного света, а виды — на зеленый массив Долины реки Раменки. Планировка (идеальна для семьи и работы из дома) светлая гостиная для отдыха и приема гостей кухня-столовая — центр семейной жизни просторный холл 3 спальни 2 ванные комнаты гардеробные (продумано хранение) отдельный кабинет гостевой санузел ""РЕКА"" — не просто дом, а философия при"
b05,cian_331443148,"Москва, Филипповский переулок, 8с1",250000000,3,175.2,,"","ID объявления: 600196 Авторская резиденция в доме ""Филипповский"" 175,2 м² на 8 этаже клубного дома ""Филипповский"". Свежий авторский ремонт — квартира не требует вложений и готова к проживанию. Квартира подходит для жизни, работы или инвестиций. Инвестиционный потенциал Квартира может приносить пассивный доход от аренды. По оценкам рынка, подобные объекты в данном районе сдаются от 600 000 до 700 000 рублей в месяц. Актив остается ликвидным благодаря локации в центре Москвы, авторскому ремонту, статусу достаточно нового дома (2002 года постройки) и наличию собственного подземного паркинга. Свеж"
b05,cian_332060294,"г. Москва, Пречистенская наб., д.7",260000000,3,127.0,,"","Видовые апартаменты с 2 спальнями общей площадью 127 м² в клубном доме ""Кленовый DOM"" на набережной Москва-реки. Апартаменты расположены на 4 этаже, откуда открываются виды памятник Петру I. Выполнена отделка с использованием натуральных материалов — мрамор, ценные породы дерева. Мебель и ковры Poliform, Living Divani. Установлены системы приточно-вытяжной вентиляции, кондиционирования, увлажнения воздуха и фильтрации воды. Функциональная планировка включает кухню-гостиную с обеденной зоной, мастер-спальню с собственной ванной комнатой, вторую спальню, гостевой санузле с тропическим душем, гар"
b05,cian_332614964,"Москва, Хорошёво-Мнёвники район, Нижние Мневники ул., д.10",270000000,4,183.4,,"","Великолепный пентхаус с 3-я спальнями в единственной на Острове камерной клубной резиденции. Гармоничное сочетание комфортной столичной и загородной жизни. Свободная планировка с возможностью сделать большую кухню-гостиную, 3 спальни, 3 санузла, 2 гардеробные. Большие панорамные окна с видом на бульвар и парк. Высокие потолки 4.25. Видовая терраса 40.6 кв.м. (не входит в общую площадь квартиры). Фешенебельные лобби с консьержем, фитнес залом, детской игровой, местами для деловых встреч, кинотеатром, комнатами для хранения детских колясок и мытья лап домашних питомцев. Уютный закрытый двор с ла"
b05,cian_329661163,"Москва, Братьев Фонченко ул., д. 1, к. 5",270000000,4,207.0,,"","Лот: 109789. К продаже предлагается 4-комнатная квартира с террасой в Victory Park Residences. Общая площадь квартиры - 149,5 м², дополнительно - просторная летняя терраса 57,24 м². Отделка выполнена в стиле neo-deco с акцентом на натуральные материалы и тактильное качество. В интерьере использованы: панорамные окна премиум-бренда Schuco, межкомнатные двери Barausse, полы из двухслойного инженерного дуба, натуральный камень травертин, сантехника высокого класса, ванна Salini, подвесной унитаз Catalano, смесители и оборудование Dornbracht. Планировка продумана до мелочей и идеально подходит для"
b05,cian_331604928,"Москва, улица Ильинка, 3/8с4",281670000,3,112.0,,"","Просторная светлая резиденция площадью 112 кв. м с высокими потолками и окнами на две стороны света. Продуманная и изысканная планировка позволяет комфортно обустроить три спальни, включая мастер-спальню с большой гардеробной, и просторную кухню-гостиную, откуда открывается прямой вид на приватный двор-сад."
b05,cian_327395267,"Москва, Малая Сухаревская площадь",284955000,3,181.5,,"","Представляем просторную 3-комнатную квартиру на 4 этаже Резиденций ФАНТОМ. Общая площадь лота составляет 181.5 кв.м. и включает мастер-спальню с собственной ванной, большую кухню-гостиную и гостевой санузел. В квартире выполнена финишная отделка с использованием натурального дерева и камня, ванные комнаты и кухни полностью оборудованы современной техникой и мебелью. Среди ее достоинств окна на две стороны и просторный балкон. Досконально выверенное планировочное решение создает функциональное и визуально легкое пространство. Высокие потолки и большие окна наполняют квартиру воздухом и светом. "
b05,cian_327108199,"Москва, 1-й Тружеников пер, д. 12А",289016000,3,103.2,,"","Лот: 104268. В продаже квартира без отделки в клубном доме класса de Luxe ""Хамовники XII"", расположенном в одном из самых тихих и зелёных кварталов престижного района Хамовники — месте, где камерная атмосфера центра Москвы сочетается с редким ощущением уединённости и приватности. Квартира в состоянии shell&core даёт полную свободу для создания индивидуальной резиденции: здесь можно выстроить пространство вокруг собственного сценария жизни, подчеркнув свет, архитектуру и геометрию объёмов. Благодаря высоким потолкам и большому количеству естественного света интерьер ощущается воздушным и масшта"
b05,cian_332647471,"Россия, Москва, улица Костикова, д. 4, корп. 3",290000000,4,136.0,,"","Предлагается на продажу просторная 4-х комнатная квартира площадью 136 м&#178; в новом премиальном ЖК Lucky на Пресне. Функциональная планировка включает: кухню-гостиную с зоной столовой, где приятно проводить семейные обеды, романтические ужины или домашние киносеансы; просторную мастер-спальню с ванной и гардеробной комнатой; еще две комнаты со своими санузлами, а также постирочную зону и гостевой санузел. Уникальная особенность лота: высокие потолки 3 метра и панорамные окна с французскими балкончиками, благодаря чему пространство наполнено приятным и равномерным естественным светом. Кварти"
b05,cian_329416982,"Россия, Москва, Минская улица, 2Вк3",295000000,4,181.5,,"","Продается просторная 4-комнатная квартира в Москве на Минской улице, расположенная в современном жилом комплексе. Общая площадь квартиры составляет 181.5 кв. м, жилая площадь — 150 кв. м, а кухня — 28.4 кв. м, что позволяет с комфортом разместиться большой семье. Квартира находится на первом этаже 6-этажного монолитного дома, построенного в 2019 году. Высокие потолки в 3.5 метра добавляют ощущение свободы и простора. В квартире сделан дизайнерский ремонт, что подчеркивает индивидуальность и стиль. Все комнаты меблированы с использованием качественных материалов и современного оборудования. В п"
b05,cian_331726546,"Москва, Дружинниковская улица, 18",296739345,3,97.3,,"","Старт продаж! Продаётся 3-комнатная квартира евроформата в клубном жилом проекте элит-класса ""Дом Спорта"". Планировка квартиры сочетает функциональность, приватность и возможность адаптации пространства под разные сценарии жизни: — Просторная кухня-гостиная — центр повседневной жизни, отдыха и приёма гостей — Две изолированные мастер-спальни с гардеробными — комфортные приватные зоны для каждого члена семьи Ключевое преимущество квартиры — светлая гостиная зона с панорамным остеклением и возможностью гибкой организации пространства. В базовом варианте кухня объединена с гостиной, формируя прос"
b05,cian_331216699,"Россия, Москва, улица Большая Якиманка, 22к3",299000000,4,153.4,,"","В историческом центре Москвы, в одном из самых престижных и экологичных районов столицы — Якиманке, — предлагается к продаже просторная квартира в доме сталинской эпохи. Это знаменитый жилой комплекс Коперник, построенный по индивидуальному проекту. Здание с монолитно-кирпичными стенами и железобетонными перекрытиями. Квартира оснащена современной системой климат-контроля VRV Daikin — премиальное решение с размещением наружных блоков на кровле, что исключает шум и вибрации внутри помещений. Инженерные системы дома включают индивидуальный тепловой пункт (ИТП), закрытую систему горячего водоснаб"
b05,cian_331232608,"Россия, Москва, Дружинниковская улица, 15А",299990000,4,174.0,,"","Код объекта: 2223820. 5-к квартира с 4 спальнями в новом премиальном ЖК Sky view (Скай вью), башня С. Дизайнерский ремонт, в спокойной эстетике премиум-класса, на данный момент ведутся ремонтные работы, срок окончания - начало осени 2026 г. (визуализация в описании). Уже готова предчистовая отделка, уложен паркет, заказана мебель и техника. Эксклюзивно от АН RED squared. Квартира: Пространство и свет: потолки 3,5 м, панорамные окна, красивый вид на город в сторону Белого дома и Москва-сити, который ничем не загорожен. План: большая кухня-гостиная 51 м², 2 изолированные мастер-спальни, 1 детска"
b05,cian_327932164,"Россия, Москва, улица Братьев Фонченко, 1к2",300000000,4,179.0,,"","Эксклюзив! Предлагается на продажу видовая 4-комнатная квартира площадью 179 м² с премиальной отделкой в элитном жилом комплексе Victory Park Residences. Квартира с прямыми видами на музей и Монумент Победы, Георгиевскую церковь, а также деловой центр Москва-Сити. Лот представлен с премиальной отделкой, в которой хороший вкус сочетается с абсолютным комфортом. Благодаря панорамному остеклению и высоким потолкам 3,3 метра, пространство наполнено приятным равномерным светом. Жилой комплекс находится рядом с Парком Победы на улице Братьев Фонченко. Современная элегантная архитектура разработана и"
b05,cian_332473019,"Москва, Дружинниковская улица, 18",309715153,3,98.3,,"","Старт продаж! Продаётся 3-комнатная квартира евроформата в клубном жилом проекте элит-класса ""Дом Спорта"". Планировка квартиры продумана для комфортной и размеренной жизни, сочетая приватность личных пространств и функциональность общей зоны: — Просторная кухня-гостиная — место для отдыха, общения и приёма гостей — Две изолированные мастер-спальни — приватные зоны для комфортного проживания Ключевое преимущество квартиры — две собственные террасы. Первая терраса примыкает к спальне, создавая уединённое пространство для отдыха. Вторая имеет выход из гостиной и становится естественным продолжени"
b05,cian_326780795,"Москва, Берсеневская набережная",309883600,1,103.6,,"","Рассрочка 0% В продаже квартира от застройщика ! ""Красный Октябрь"" — остров для жизни, единственная территория в историческом центре Москвы, со всех сторон окруженная водой. Это адрес-символ, жизнь в эпицентре смыслов внутри истории. Скоро на ""Красном Октябре"" появится фешенебельный городской квартал. Вашему вниманию предлагается квартира 103 кв. м в первом клубном доме на 33 квартиры. Из окон квартиры открываются потрясающие виды на водную гладь Москвы-реки, храм Христа Спасителя и исторический центр города. Высокие потолки 3,5 метра и панорамные окна прекрасно инсолируют жилое пространство, "
b05,cian_332528582,"Москва, Малая Сухаревская площадь",313995000,3,181.5,,"","Представляем просторную 3-комнатную квартиру на 4 этаже Резиденций ФАНТОМ. Общая площадь лота составляет 181.5 кв.м. и включает мастер-спальню с собственной ванной, большую кухню-гостиную и гостевой санузел. В квартире выполнена финишная отделка с использованием натурального дерева и камня, ванные комнаты и кухни полностью оборудованы современной техникой и мебелью. Среди ее достоинств окна на две стороны и просторный балкон. Досконально выверенное планировочное решение создает функциональное и визуально легкое пространство. Высокие потолки и большие окна наполняют квартиру воздухом и светом. "
b05,cian_332791431,"Москва, Дружинниковская улица, 15",320000000,4,155.0,,"","ID 9885 ЖК ""Скай вью"" (Sky view) (Дружинниковская ул., дом 15а) ВИД на ЦАО, башня ""В"" 155 м2 / 4 комнаты/ 15 эт 3 мастер-спальни, Ремонт закончен, никто не жил -большая кухня- гостиная 53м2.; -главная мастер-спальня (44 м2) со своим с/у и гардеробной -мастер-спальня 2 (33 м2.) со своим с/у и гардеробной -мастер-спальня 3 (28 м2) со своим с/у и гардеробной -отдельная постирочная комната 5 м2 (есть стиральная и сушильная машина) -4 с/у и 3 гардеробные комнаты Полностью открывающиеся окна в пол, с панорамным видом на центр Москвы (один из лучших видов в ЖК ""Скай вью"", вид от зоопарка до всех высо"
b05,cian_318719181,"Москва, Пожарский переулок, 3",340000000,3,129.0,,"","Квартира с двумя спальнями и террасой в клубном доме делюкс-класса Вилла Грейс на Остоженке. Квартира площадью 129 м² расположена на 5-ом этаже. Дизайнерский ремонт выполнен в светлых пастельных тонах в современном стиле. В отделке использованы натуральные материалы — тонированный дуб, мрамор. Квартира укомплектована мебелью и техникой премиальных мировых брендов — Minotti, Cattelan Italia, Gaggenau. Планировка: просторная кухня-гостиная с выделенной столовой зоной и выходом на террасу, мастер-спальня с санузлом и встроенными системами хранения вещей, вторая спальня с совмещенным санузлом с ок"
b05,cian_332472990,"Москва, Дружинниковская улица, 18",346763445,4,124.5,,"","Старт продаж! Продаётся квартира с продуманной планировкой для проживания семьи в клубном жилом проекте элит-класса ""Дом Спорта"". Свет, простор и выразительная архитектура с закруглёнными окнами формируют уникальное жилое пространство с особой атмосферой уюта и приватности в центре Москвы. Планировка квартиры позволяет адаптировать пространство под ваш стиль жизни, наполняя ее простором и свободой. — Кухня-столовая с большим количеством окон, ориентированных на юг, наполненная естественным светом в течение всего дня — Гостиная площадью 25 м², которую можно объединить с кухней для создания масш"
b05,cian_332472993,"Москва, Дружинниковская улица, 18",358697766,4,124.4,,"","Продаётся квартира с продуманной планировкой для проживания семьи в клубном жилом проекте элит-класса ""Дом Спорта"". Свет, пространство и редкая архитектура панорамных окон — квартира, в которой интерьер становится продолжением вида за окном. Планировка квартиры позволяет адаптировать пространство под ваш стиль жизни, наполняя ее простором и свободой. — Кухня-столовая с большим количеством окон, ориентированных на юг, наполненная естественным светом в течение всего дня — Гостиная площадью 25 м², которую можно объединить с кухней для создания масштабного пространства или изолировать для более пр"
b05,cian_326367397,"Москва, Пожарский переулок, 5А",380000000,4,289.0,,"","Лот 1000226. Валуева Евгения. Эксклюзив подписан. В клубном доме ""Виктория"" в продаже квартира с дровяным камином, общей площадью 290 кв.м., на 3 этаже. Планировкой предусмотрено: уютная гостиная, кухня/столовая, 3 просторных спальни с собственным санузлом, камин, постирочная, 2 балкона, гостевой санузел, прихожая. Возможность спланировать любое пространство под себя. В квартире высокие потолки 3.1 м, а большое количество панорамных окон наполняют квартиру светом, делая её просторной и уютной. Открывается красивый вид из окон, виден Храм Христа Спасителя. Имеется подземный паркинг. В наличии 2"
b05,cian_332001583,"Москва, Серебряническая набережная, 19",390000000,4,213.0,,"","Просторная угловая квартира с 3 спальнями в клубном доме премиум-класса ""АртХаус"" в Таганском районе. Квартира площадью 213 м² расположена на 3 этаже. Дизайнерская отделка в современном стиле в светлых спокойных тонах. Потолки высотой 3,8 метра, панорамное остекление. Из окон открываются красивые виды на Яузу. Квартира укомплектована мебель и бытовой техникой. Планировка включает кухню-гостиную с действующий дровяным камином, мастер-спальню с ванной комнатой, будуаром и большой гардеробной, 2 спальни с общим санузлом, гостевой санузел, хозяйственную комнату и прихожую с гардеробной. Из окон, о"
b05,cian_332597348,"Москва, Дружинниковская улица, 18",398041268,4,162.0,,"","Старт продаж! Продаётся 4-комнатная квартира с просторной террасой в клубном жилом проекте элит-класса ""Дом Спорта"" — редкий формат для тех, кто выбирает приватность, масштаб и безупречный комфорт. Эта квартира — больше, чем просто квадратные метры. Это продуманное пространство для жизни, отдыха и вдохновения. Планировка создана для максимального комфорта: — Просторная кухня-столовая для семейных ужинов и приёма гостей — Изолированная гостиная для уютных вечеров и приватного отдыха — Большая мастер-спальня с гардеробной — Две просторные спальни с гардеробными — для детей, кабинета или гостевых"
b05,cian_331726545,"Москва, Дружинниковская улица, 18",398041268,4,162.0,,"","Старт продаж! Продаётся 4-комнатная квартира с просторной террасой в клубном жилом проекте элит-класса ""Дом Спорта"" — редкий формат для тех, кто выбирает приватность, масштаб и безупречный комфорт. Эта квартира — больше, чем просто квадратные метры. Это продуманное пространство для жизни, отдыха и вдохновения. Планировка создана для максимального комфорта: — Просторная кухня-столовая для семейных ужинов и приёма гостей — Изолированная гостиная для уютных вечеров и приватного отдыха — Большая мастер-спальня с гардеробной — Две просторные спальни с гардеробными — для детей, кабинета или гостевых"
b05,cian_332365226,"Россия, Москва, Погодинская улица, 4",399900000,4,201.6,,"","Коэксклюзив агентства PEOPLE ФУНКЦИОНАЛЬНАЯ СЕМЕЙНАЯ КВАРТИРА С 3-МЯ СПАЛЬНЯМИ В САМОМ СЕРДЦЕ ХАМОВНИКОВ. К продаже предлагается 4х-комнатная квартира с высокими потолками и авторской отделкой в стиле классический модерн в ЖК делюкс-класса ""GRAND DELUX на Плющихе"". На 201.6 м2 функционально предусмотрены 10 помещений, а именно: - Просторный холл при входе - Гостевой с/у - Изолированная кухня - Гостиная - столовая (60 м2) - Мастер-блок (спальня, с/у и гардеробная) - Второй мастер-блок (спальня, с/у и гардеробная) - Изолированная спальня/кабинет (20 м2) ДЕТАЛИ ИНТЕРЬЕРА: - Качественное исполнени"
b05,cian_330577198,"Москва, Зачатьевский 1-й пер., д. 5",415000000,4,210.0,,"","Лот: 42931. В продаже квартира с новой отделкой в жилом комплексе делюкс-класса ""Новая Остоженка"" в 1-м Зачатьевском переулке — на ""Золотой миле"" Остоженки, одном из самых престижных и архитектурно выразительных районов центра Москвы. Локация сочетает близость к храму Христа Спасителя, набережным и исторической застройке с редким ощущением тишины и приватности внутри города. Интерьер выполнен в современной спокойной эстетике, где ключевую роль играют натуральные материалы, мягкая светлая палитра и выверенная геометрия пространства. Квартира полностью готова к проживанию: встроенные системы хра"
b05,cian_325733243,"Россия, г. Москва, Солянка ул., д. 7, стр. 1",459000000,4,200.6,,"","198854 ЖК Дом с Атлантами Лучшая квартира в доме. Самые высокие потолки. Оперативный показ!!! Дом с Атлантами - дом 1882 года с богатой историей, которая продолжается. Встреча титанов. Белоснежный фасад фокусирует внимание на богатстве деталей барельефа, замысловатой игре света и тени, оживляющей взоры могучих атлантов. Ключи от дубовой двери этого легендарного дома всегда принадлежали сильнейшим. Знаковое окружение белого города. Дом расположен в исторической местности белый город с ее извилистыми улочками и множеством старинных храмов. Карта окрестностей усыпана достойными внимания точками, "
b05,cian_330542297,"Москва, Хилков переулок, 1",500000000,4,256.0,,"","Просторная квартира с тремя спальнями общей площадью 320 м² в клубном доме ""Парк Палас"". Интерьер оформлен в светлых тонах, в отделке использован натуральный мрамор и ценные породы дерева. На полу выложен паркет рисунком ""французская ёлочка"", стены украшены лепниной и картинами. Высокие потолки с подвесными люстрами. Планировка: просторная гостиная, изолированная кухня, основная спальня со своей ванной комнатой и гардеробной, две детские спальни, детская ванная комната, гостевая ванная комната, постирочная комната, большой открытый балкон. Квартира полностью укомплектована европейской мебелью,"
b05,cian_331625298,"Москва, Шлюзовая набережная, 2/1с1",540289000,4,171.0,,"","В элитном жилом комплексе ""Монблан"" на Шлюзовой набережной в Замоскворечье напрямую от девелопера ГК ""Галс-Девелопмент"" представлена 4-комнатная квартира квартира на 27 этаже общей площадью 171.00 м². Квартира предлагается без отделки. ""Монблан"" - элитный жилой комплекс в сердце Замоскворечья, в уникальном месте Москвы. Проект расположен в хорошо знакомом месте, напротив Дома музыки, прямо у воды. Поездка от жилого комплекса до Кремля займёт 10 минут по живописным историческим набережным города. Неординарные архитектурные формы, разработанные бюро ""СПИЧ"", манят взгляды к этому уникальному дому"
b05,cian_328760948,"Москва, Гранатный пер, 10стр1",570000000,4,192.6,,"","Номер объекта: 587984. Уникальный дом, построенный для руководителей и выдающихся деятелей советской эпохи, соседствует с Домом Приемов МИДа и районом Патриарших прудов. Этот дом советской элиты и сегодня отвечает самым высоким стандартам комфортного жилья, а обслуживание и охрана дома остаются на традиционно высоком уровне. Предложения квартир на продажу здесь появляются крайне редко. Просторная 4-комнатная квартира площадью 192.6 кв.м расположена на 5-м этаже. Функциональное планировочное решение: просторная гостиная, кухня, 3 спальни, 3 санузла, кладовая, 2 лоджии. Высокие потолки. Панорамн"
b05,cian_328662370,"Москва, ул. Большая Полянка, дом 9, стр 1.",570000000,4,270.0,,"","Эксклюзив Whitewill. Статус квартира. Четвертый дом от Кремля. Из гостиной открываются невероятные виды на ""Москва-Сити"", МИД, памятник Петру I. Двухуровневый пентхаус площадью 270 м² в доме делюкс-класса Клауд Найн. Выполнена премиальная отделка в светлых тонах. Благодаря панорамному остеклению ""в пол"", высоким потолкам, второму свету в квартире много воздуха и света . Пентхаус укомплектован дизайнерской итальянской мебелью Flexform, Potocco, Bonaldo, Gubi. Швейцарская бытовая техника V-Zug. Первый этаж: просторная гостиная-столовая-кухня, спальня со своей гардеробной и санузлом, спальня или "
b05,cian_331593608,"Москва, Богоявленский переулок, 3с2",620550000,3,177.3,,"","Николь Коллекция В шаговой доступности от Красной площади, в тишине переплетений улиц, расположена самая камерная резиденция делюкс-квартала Николь — Николь Коллекция. Её классическая архитектура в лучших традициях французской элегантности бережно вписана в исторический контекст Старопанского и Богоявленского переулков. Проект создан авторитетным бюро PARIS Classic Architecture — признанными мастерами роскошных особняков. В основу архитектуры Николь Коллекция лег вневременной шик, традиционные композиционные приемы и сбалансированные пропорции характерные для архитектуры XIX века. Такой подход"
b05,cian_327395330,"Москва, Малая Сухаревская площадь",676512000,4,259.2,,"","Представляем просторную 4-комнатную квартиру на 5 этаже Резиденций ФАНТОМ. Общая площадь лота составляет 259.2 кв.м. и включает мастер-спальню с собственной ванной, большую кухню-гостиную и гостевой санузел. В квартире выполнена финишная отделка с использованием натурального дерева и камня, ванные комнаты и кухни полностью оборудованы современной техникой и мебелью. Среди ее достоинств окна на две стороны и просторный балкон. Досконально выверенное планировочное решение создает функциональное и визуально легкое пространство. Высокие потолки и большие окна наполняют квартиру воздухом и светом. "
b05,cian_331593601,"Москва, Богоявленский переулок, 3с2",795000000,4,265.0,,"","Николь Коллекция В шаговой доступности от Красной площади, в тишине переплетений улиц, расположена самая камерная резиденция делюкс-квартала Николь — Николь Коллекция. Её классическая архитектура в лучших традициях французской элегантности бережно вписана в исторический контекст Старопанского и Богоявленского переулков. Проект создан авторитетным бюро PARIS Classic Architecture — признанными мастерами роскошных особняков. В основу архитектуры Николь Коллекция лег вневременной шик, традиционные композиционные приемы и сбалансированные пропорции характерные для архитектуры XIX века. Такой подход"
b05,cian_332528572,"Москва, Малая Сухаревская площадь",1269110000,4,354.5,,"","Представляем просторную 4-комнатную квартиру на 9 этаже Резиденций ФАНТОМ. Общая площадь лота составляет 354.5 кв.м. и включает мастер-спальню с собственной ванной, большую кухню-гостиную и гостевой санузел. В квартире выполнена финишная отделка с использованием натурального дерева и камня, ванные комнаты и кухни полностью оборудованы современной техникой и мебелью. Среди ее достоинств окна на две стороны и просторный балкон. Досконально выверенное планировочное решение создает функциональное и визуально легкое пространство. Высокие потолки и большие окна наполняют квартиру воздухом и светом. "
